picvec stage load-resize: 0.001s (total 0.001s)
picvec stage edge-roles: 3.171s (total 3.172s)
picvec stage structural-analysis: 0.571s (total 3.743s)
picvec stage perceptual-smoothing: 0.987s (total 4.731s)
picvec segmentation substage setup: 0.026s
picvec segmentation substage palette: 0.344s (81633 histogram cells, 2759 colours)
picvec segmentation substage initial-components: 0.097s
picvec segmentation substage small-components: 1.370s
picvec segmentation substage compact: 0.044s
picvec segmentation substage antialias: 0.352s
picvec segmentation substage finalize: 0.065s (total 2.297s)
picvec stage segmentation: 3.026s (total 7.756s)
picvec stage boundary-regularization: 0.260s (total 8.016s)
picvec stage paint-aware-merge: 0.375s (total 8.390s)
picvec stage thin-paint-ownership: 0.619s (total 9.009s)
picvec stage paint-topology-preservation: 2.129s (total 11.138s)
picvec paint substage setup: 0.031s
picvec paint substage initial: 1.929s (primary solid 0, gain-bound solid 3198, low-range solid 33, model search 2593)
picvec paint substage harmonize: 0.420s
picvec paint substage couple: 0.094s
picvec stage paint-fitting: 2.597s (total 13.734s)
picvec layered merge candidates: considered 12286, evidence 11947, seam 153, layered 41, nonfinite 0, face 94, combined 62, accepted 30
picvec stage source-supported-paint-merge: 1.455s (total 15.189s)
picvec stage exact-paint-merge: 0.043s (total 15.233s)
picvec stage layered-paint-simplification: 1.299s (total 16.532s)
picvec stage residual-shape-refinement: 1.710s (total 18.242s)
picvec stage interior-shading: 1.563s (total 19.805s)
picvec stage face-alpha: 0.015s (total 19.820s)
picvec stage hierarchical-topology: 0.008s (total 19.828s)
picvec stage shared-geometry: 16.231s (total 36.058s)
picvec stage paint-preview: 0.181s (total 36.240s)
picvec structural substage ownership: 0.789s
picvec structural substage outline-proposals: 1.014s
picvec structural substage outline-validation: 0.422s
picvec structural substage colour-patches: 1.467s
picvec stage structural-selection: 3.692s (total 39.932s)
picvec stage paint-order-validation: 26.220s (total 66.152s)
picvec stage covered-hole-simplification: 58.856s (total 125.008s)
picvec stage final-svg: 4.632s (total 129.640s)
picvec adaptive candidate 4328 872 464 752: error=11.1084 model_cost=2.7915 priority=6.6486
picvec adaptive candidate 1703 904 746 675: error=10.6300 model_cost=2.7635 priority=6.3945
picvec adaptive candidate 4195 1707 725 761: error=10.7638 model_cost=3.0568 priority=6.1565
picvec adaptive candidate 1702 1716 736 732: error=10.4260 model_cost=2.8710 priority=6.1532
picvec adaptive candidate 2561 909 698 671: error=8.3605 model_cost=1.9814 priority=5.9394
picvec adaptive candidate 87 904 680 676: error=8.8815 model_cost=2.2389 priority=5.9357
picvec adaptive candidate 1772 2551 585 739: error=9.5190 model_cost=2.7076 priority=5.7850
picvec adaptive candidate 3378 3520 702 298: error=9.1594 model_cost=2.5378 priority=5.7496
picvec adaptive candidate 912 4118 700 663: error=9.1123 model_cost=2.5971 priority=5.6543
picvec adaptive candidate 4205 2590 712 681: error=8.7459 model_cost=2.4209 priority=5.6211
picvec adaptive candidate 2548 1703 732 744: error=9.3408 model_cost=2.8050 priority=5.5772
picvec adaptive candidate 4188 4125 711 685: error=8.2904 model_cost=2.2287 priority=5.5533
picvec adaptive candidate 3418 1685 609 784: error=9.8807 model_cost=3.2298 priority=5.4979
picvec adaptive candidate 2596 2538 601 782: error=10.5028 model_cost=3.8252 priority=5.3700
picvec adaptive candidate 4267 3331 576 685: error=8.3130 model_cost=2.4466 priority=5.3147
picvec adaptive candidate 4284 114 538 696: error=7.7861 model_cost=2.2078 priority=5.2401
picvec adaptive candidate 2630 114 548 694: error=7.1847 model_cost=1.9146 priority=5.1924
picvec adaptive candidate 881 1726 743 704: error=8.4832 model_cost=2.7210 priority=5.1428
picvec adaptive candidate 3403 912 685 668: error=7.4794 model_cost=2.1342 priority=5.1198
picvec adaptive candidate 84 4089 690 725: error=8.1689 model_cost=2.5476 priority=5.1180
picvec adaptive candidate 2539 4106 681 707: error=7.8674 model_cost=2.3843 priority=5.0951
picvec adaptive candidate 995 3319 518 690: error=7.3399 model_cost=2.1416 priority=5.0156
picvec adaptive candidate 3463 114 553 694: error=7.5884 model_cost=2.3112 priority=4.9915
picvec adaptive candidate 165 114 548 694: error=7.0293 model_cost=2.0331 priority=4.9299
picvec adaptive candidate 987 114 544 694: error=6.7488 model_cost=1.8865 priority=4.9136
picvec adaptive candidate 160 1686 558 760: error=8.4634 model_cost=2.9797 priority=4.9030
picvec adaptive candidate 1807 114 550 694: error=6.8074 model_cost=1.9790 priority=4.8390
picvec adaptive candidate 87 2584 680 689: error=7.0405 model_cost=2.1431 priority=4.8093
picvec adaptive candidate 3383 2592 689 709: error=6.9824 model_cost=2.1359 priority=4.7776
picvec adaptive candidate 3393 4092 641 710: error=7.0351 model_cost=2.2418 priority=4.6986
picvec adaptive candidate 927 910 677 670: error=6.5068 model_cost=2.0596 priority=4.5339
picvec adaptive candidate 1755 4138 625 672: error=5.9151 model_cost=1.7387 priority=4.4859
picvec adaptive candidate 73 3325 690 672: error=7.3554 model_cost=2.7931 priority=4.4011
picvec adaptive candidate 1749 3325 632 679: error=6.1278 model_cost=2.2295 priority=4.1039
picvec adaptive candidate 975 2552 564 716: error=6.3679 model_cost=2.5263 priority=4.0064
picvec adaptive candidate 2529 3392 717 540: error=6.3952 model_cost=2.6353 priority=3.9395
picvec adaptive processing: source 1763 2542 603 757, processing 603 757
picvec adaptive processing: source 4320 864 480 768, processing 480 768
picvec adaptive processing: source 2551 899 718 691, processing 718 691
picvec adaptive processing: source 4184 1696 747 783, processing 747 783
picvec stage load-resize: 0.002s (total 0.002s)
picvec stage load-resize: 0.002s (total 0.002s)
picvec adaptive processing: source 1691 1705 758 754, processing 758 754
picvec stage load-resize: 0.001s (total 0.001s)
picvec adaptive processing: source 3370 3512 718 314, processing 718 314
picvec stage load-resize: 0.000s (total 0.000s)
picvec stage load-resize: 0.001s (total 0.001s)
picvec stage load-resize: 0.004s (total 0.004s)
picvec adaptive processing: source 77 894 700 696, processing 700 696
picvec adaptive processing: source 4195 2580 732 701, processing 732 701
picvec stage load-resize: 0.001s (total 0.001s)
picvec adaptive processing: source 1693 894 766 695, processing 766 695
picvec adaptive processing: source 902 4108 720 683, processing 720 683
picvec stage load-resize: 0.005s (total 0.005s)
picvec stage load-resize: 0.006s (total 0.006s)
picvec stage load-resize: 0.008s (total 0.008s)
picvec stage edge-roles: 0.579s (total 0.579s)
picvec stage structural-analysis: 0.204s (total 0.783s)
picvec stage edge-roles: 1.057s (total 1.059s)
picvec stage perceptual-smoothing: 0.389s (total 1.172s)
picvec segmentation substage setup: 0.015s
picvec stage edge-roles: 1.234s (total 1.240s)
picvec segmentation substage palette: 0.062s (16101 histogram cells, 978 colours)
picvec segmentation substage initial-components: 0.006s
picvec stage edge-roles: 1.282s (total 1.283s)
picvec stage edge-roles: 1.312s (total 1.314s)
picvec segmentation substage small-components: 0.080s
picvec segmentation substage compact: 0.004s
picvec segmentation substage antialias: 0.054s
picvec stage edge-roles: 1.397s (total 1.405s)
picvec segmentation substage finalize: 0.021s (total 0.242s)
picvec stage structural-analysis: 0.373s (total 1.432s)
picvec stage edge-roles: 1.465s (total 1.471s)
picvec stage edge-roles: 1.496s (total 1.500s)
picvec stage edge-roles: 1.606s (total 1.607s)
picvec stage segmentation: 0.474s (total 1.646s)
picvec stage boundary-regularization: 0.082s (total 1.728s)
picvec stage edge-roles: 1.818s (total 1.820s)
picvec stage structural-analysis: 0.618s (total 1.858s)
picvec stage paint-aware-merge: 0.142s (total 1.870s)
picvec stage thin-paint-ownership: 0.083s (total 1.954s)
picvec stage structural-analysis: 0.557s (total 1.962s)
picvec stage structural-analysis: 0.668s (total 1.982s)
picvec stage structural-analysis: 0.734s (total 2.016s)
picvec stage perceptual-smoothing: 0.622s (total 2.054s)
picvec stage structural-analysis: 0.559s (total 2.058s)
picvec segmentation substage setup: 0.026s
picvec segmentation substage palette: 0.094s (21475 histogram cells, 1166 colours)
picvec segmentation substage initial-components: 0.016s
picvec stage structural-analysis: 0.807s (total 2.277s)
picvec segmentation substage small-components: 0.115s
picvec segmentation substage compact: 0.010s
picvec segmentation substage antialias: 0.114s
picvec stage structural-analysis: 0.846s (total 2.453s)
picvec segmentation substage finalize: 0.034s (total 0.409s)
picvec stage paint-topology-preservation: 0.573s (total 2.527s)
picvec paint substage setup: 0.016s
picvec stage perceptual-smoothing: 0.833s (total 2.691s)
picvec stage structural-analysis: 0.884s (total 2.703s)
picvec segmentation substage setup: 0.034s
picvec stage perceptual-smoothing: 0.770s (total 2.731s)
picvec stage perceptual-smoothing: 0.773s (total 2.755s)
picvec segmentation substage setup: 0.034s
picvec segmentation substage setup: 0.032s
picvec segmentation substage palette: 0.074s (14391 histogram cells, 778 colours)
picvec stage perceptual-smoothing: 0.766s (total 2.824s)
picvec segmentation substage initial-components: 0.017s
picvec segmentation substage palette: 0.069s (18279 histogram cells, 1113 colours)
picvec segmentation substage setup: 0.033s
picvec segmentation substage initial-components: 0.015s
picvec stage perceptual-smoothing: 0.861s (total 2.877s)
picvec stage segmentation: 0.839s (total 2.893s)
picvec segmentation substage palette: 0.127s (26144 histogram cells, 1264 colours)
picvec segmentation substage setup: 0.033s
picvec segmentation substage small-components: 0.093s
picvec segmentation substage initial-components: 0.024s
picvec segmentation substage compact: 0.013s
picvec segmentation substage palette: 0.080s (17570 histogram cells, 767 colours)
picvec segmentation substage initial-components: 0.023s
picvec segmentation substage small-components: 0.102s
picvec segmentation substage compact: 0.016s
picvec segmentation substage palette: 0.083s (17782 histogram cells, 952 colours)
picvec segmentation substage initial-components: 0.018s
picvec stage boundary-regularization: 0.130s (total 3.022s)
picvec stage perceptual-smoothing: 0.778s (total 3.056s)
picvec segmentation substage antialias: 0.167s
picvec segmentation substage small-components: 0.175s
picvec segmentation substage setup: 0.037s
picvec segmentation substage compact: 0.016s
picvec segmentation substage small-components: 0.100s
picvec segmentation substage small-components: 0.164s
picvec segmentation substage compact: 0.014s
picvec segmentation substage compact: 0.017s
picvec segmentation substage finalize: 0.050s (total 0.449s)
picvec segmentation substage antialias: 0.173s
picvec segmentation substage palette: 0.102s (27922 histogram cells, 1305 colours)
picvec segmentation substage finalize: 0.050s (total 0.456s)
picvec segmentation substage initial-components: 0.024s
picvec stage paint-aware-merge: 0.218s (total 3.241s)
picvec segmentation substage antialias: 0.167s
picvec segmentation substage antialias: 0.170s
picvec segmentation substage antialias: 0.197s
picvec segmentation substage finalize: 0.049s (total 0.465s)
picvec segmentation substage finalize: 0.049s (total 0.537s)
picvec segmentation substage finalize: 0.050s (total 0.623s)
picvec stage perceptual-smoothing: 0.925s (total 3.378s)
picvec stage thin-paint-ownership: 0.149s (total 3.390s)
picvec segmentation substage setup: 0.039s
picvec segmentation substage small-components: 0.200s
picvec segmentation substage compact: 0.013s
picvec segmentation substage antialias: 0.186s
picvec paint substage initial: 1.084s (primary solid 0, gain-bound solid 95, low-range solid 7, model search 216)
picvec segmentation substage palette: 0.219s (37278 histogram cells, 1779 colours)
picvec stage perceptual-smoothing: 0.934s (total 3.638s)
picvec stage segmentation: 0.892s (total 3.647s)
picvec segmentation substage initial-components: 0.036s
picvec segmentation substage setup: 0.039s
picvec segmentation substage finalize: 0.066s (total 0.629s)
picvec segmentation substage palette: 0.171s (32897 histogram cells, 1592 colours)
picvec stage boundary-regularization: 0.214s (total 3.861s)
picvec segmentation substage initial-components: 0.032s
picvec stage segmentation: 0.998s (total 3.875s)
picvec stage segmentation: 1.251s (total 3.942s)
picvec segmentation substage small-components: 0.304s
picvec segmentation substage compact: 0.019s
picvec stage boundary-regularization: 0.191s (total 4.066s)
picvec stage segmentation: 1.307s (total 4.131s)
picvec stage boundary-regularization: 0.185s (total 4.127s)
picvec paint substage harmonize: 0.491s
picvec segmentation substage small-components: 0.283s
picvec segmentation substage compact: 0.023s
picvec segmentation substage antialias: 0.191s
picvec paint substage couple: 0.069s
picvec stage paint-fitting: 1.680s (total 4.207s)
picvec segmentation substage finalize: 0.071s (total 0.879s)
picvec stage paint-aware-merge: 0.431s (total 4.292s)
picvec stage boundary-regularization: 0.186s (total 4.317s)
picvec stage segmentation: 1.297s (total 4.353s)
picvec segmentation substage antialias: 0.217s
picvec stage thin-paint-ownership: 0.155s (total 4.447s)
picvec segmentation substage finalize: 0.060s (total 0.825s)
picvec stage segmentation: 1.743s (total 4.474s)
picvec stage boundary-regularization: 0.205s (total 4.558s)
picvec stage boundary-regularization: 0.174s (total 4.649s)
picvec stage paint-aware-merge: 0.601s (total 4.667s)
picvec stage paint-aware-merge: 0.556s (total 4.683s)
picvec stage thin-paint-ownership: 0.186s (total 4.854s)
picvec stage thin-paint-ownership: 0.253s (total 4.936s)
picvec stage paint-topology-preservation: 1.580s (total 4.971s)
picvec paint substage setup: 0.026s
picvec stage paint-aware-merge: 0.705s (total 5.022s)
picvec stage segmentation: 1.669s (total 5.047s)
picvec layered merge candidates: considered 825, evidence 742, seam 9, layered 12, nonfinite 0, face 29, combined 33, accepted 12
picvec stage source-supported-paint-merge: 0.865s (total 5.072s)
picvec stage exact-paint-merge: 0.006s (total 5.079s)
picvec stage paint-aware-merge: 0.449s (total 5.098s)
picvec stage layered-paint-simplification: 0.077s (total 5.155s)
picvec stage residual-shape-refinement: 0.056s (total 5.211s)
picvec stage thin-paint-ownership: 0.214s (total 5.236s)
picvec stage segmentation: 1.616s (total 5.254s)
picvec stage boundary-regularization: 0.248s (total 5.295s)
picvec stage paint-aware-merge: 0.737s (total 5.295s)
picvec stage thin-paint-ownership: 0.248s (total 5.346s)
picvec stage boundary-regularization: 0.231s (total 5.484s)
picvec stage thin-paint-ownership: 0.240s (total 5.535s)
picvec stage interior-shading: 0.518s (total 5.729s)
picvec stage face-alpha: 0.003s (total 5.731s)
picvec stage hierarchical-topology: 0.001s (total 5.732s)
picvec stage paint-aware-merge: 0.979s (total 6.275s)
picvec stage paint-topology-preservation: 1.983s (total 6.430s)
picvec paint substage setup: 0.034s
picvec stage paint-aware-merge: 1.025s (total 6.509s)
picvec stage thin-paint-ownership: 0.263s (total 6.773s)
picvec stage thin-paint-ownership: 0.536s (total 6.810s)
picvec stage paint-topology-preservation: 1.488s (total 6.834s)
picvec paint substage setup: 0.034s
picvec stage paint-topology-preservation: 1.986s (total 6.923s)
picvec paint substage setup: 0.032s
picvec stage paint-topology-preservation: 2.141s (total 6.995s)
picvec paint substage setup: 0.026s
picvec paint substage initial: 2.088s (primary solid 0, gain-bound solid 109, low-range solid 12, model search 346)
picvec stage paint-topology-preservation: 1.921s (total 7.456s)
picvec paint substage setup: 0.037s
picvec stage paint-topology-preservation: 2.584s (total 7.819s)
picvec paint substage setup: 0.033s
picvec paint substage initial: 1.584s (primary solid 0, gain-bound solid 67, low-range solid 15, model search 317)
picvec stage shared-geometry: 2.734s (total 8.466s)
picvec stage paint-preview: 0.019s (total 8.485s)
picvec structural substage ownership: 0.083s
picvec structural substage outline-proposals: 0.001s
picvec structural substage outline-validation: 0.000s
picvec paint substage initial: 1.553s (primary solid 0, gain-bound solid 88, low-range solid 18, model search 307)
picvec structural substage colour-patches: 0.047s
picvec stage structural-selection: 0.131s (total 8.616s)
picvec stage paint-order-validation: 0.171s (total 8.787s)
picvec paint substage initial: 1.968s (primary solid 0, gain-bound solid 97, low-range solid 14, model search 300)
picvec stage covered-hole-simplification: 0.163s (total 8.950s)
picvec stage paint-topology-preservation: 2.236s (total 9.008s)
picvec stage final-svg: 0.073s (total 9.022s)
picvec paint substage setup: 0.038s
picvec paint substage initial: 2.552s (primary solid 0, gain-bound solid 137, low-range solid 16, model search 543)
picvec paint substage harmonize: 1.470s
picvec stage paint-topology-preservation: 2.779s (total 9.589s)
picvec paint substage setup: 0.040s
picvec paint substage couple: 0.125s
picvec stage paint-fitting: 3.263s (total 9.693s)
picvec paint substage harmonize: 2.903s
picvec paint substage couple: 0.220s
picvec stage paint-fitting: 5.282s (total 10.253s)
picvec paint substage initial: 3.103s (primary solid 0, gain-bound solid 52, low-range solid 9, model search 435)
picvec paint substage harmonize: 2.622s
picvec paint substage couple: 0.073s
picvec stage paint-fitting: 4.329s (total 11.324s)
picvec paint substage initial: 4.110s (primary solid 0, gain-bound solid 220, low-range solid 16, model search 551)
picvec adaptive evaluated 3378 3520 702 298: baseline=PerceptualScore { mean_delta_e: 4.2444706, p90_delta_e: 12.390707, missing_edge_fraction: 0.76437527, combined: 9.159421 } refined=PerceptualScore { mean_delta_e: 1.202273, p90_delta_e: 2.362761, missing_edge_fraction: 0.3731085, combined: 2.6054528 } boundary_matches=true bytes=206346
picvec adaptive processing: source 2537 1692 754 766, processing 754 766
picvec stage load-resize: 0.000s (total 0.000s)
picvec paint substage harmonize: 2.901s
picvec paint substage couple: 0.138s
picvec stage paint-fitting: 5.092s (total 12.015s)
picvec paint substage harmonize: 2.722s
picvec paint substage couple: 0.115s
picvec stage paint-fitting: 5.480s (total 12.314s)
picvec stage edge-roles: 1.484s (total 1.485s)
picvec paint substage initial: 4.668s (primary solid 0, gain-bound solid 305, low-range solid 19, model search 669)
picvec stage structural-analysis: 0.827s (total 2.311s)
picvec layered merge candidates: considered 1227, evidence 1035, seam 18, layered 41, nonfinite 0, face 99, combined 53, accepted 22
picvec stage source-supported-paint-merge: 3.751s (total 14.004s)
picvec stage exact-paint-merge: 0.011s (total 14.014s)
picvec paint substage initial: 4.486s (primary solid 0, gain-bound solid 400, low-range solid 15, model search 729)
picvec stage layered-paint-simplification: 0.293s (total 14.307s)
picvec stage residual-shape-refinement: 0.492s (total 14.799s)
picvec stage perceptual-smoothing: 0.970s (total 3.281s)
picvec layered merge candidates: considered 1091, evidence 943, seam 32, layered 27, nonfinite 0, face 68, combined 34, accepted 14
picvec stage source-supported-paint-merge: 2.920s (total 14.936s)
picvec segmentation substage setup: 0.039s
picvec paint substage harmonize: 3.951s
picvec stage exact-paint-merge: 0.011s (total 14.947s)
picvec stage layered-paint-simplification: 0.131s (total 15.078s)
picvec segmentation substage palette: 0.157s (30698 histogram cells, 1477 colours)
picvec segmentation substage initial-components: 0.028s
picvec stage residual-shape-refinement: 0.065s (total 15.143s)
picvec paint substage couple: 0.238s
picvec stage paint-fitting: 7.374s (total 15.194s)
picvec segmentation substage small-components: 0.196s
picvec segmentation substage compact: 0.013s
picvec layered merge candidates: considered 1108, evidence 942, seam 30, layered 26, nonfinite 0, face 74, combined 42, accepted 20
picvec stage source-supported-paint-merge: 4.132s (total 15.456s)
picvec stage exact-paint-merge: 0.015s (total 15.471s)
picvec segmentation substage antialias: 0.191s
picvec stage layered-paint-simplification: 0.082s (total 15.552s)
picvec stage residual-shape-refinement: 0.031s (total 15.583s)
picvec segmentation substage finalize: 0.057s (total 0.683s)
picvec layered merge candidates: considered 1816, evidence 1526, seam 90, layered 38, nonfinite 0, face 86, combined 87, accepted 27
picvec stage source-supported-paint-merge: 3.843s (total 16.157s)
picvec stage exact-paint-merge: 0.015s (total 16.172s)
picvec stage segmentation: 1.312s (total 4.593s)
picvec stage layered-paint-simplification: 0.055s (total 16.227s)
picvec stage residual-shape-refinement: 0.042s (total 16.269s)
picvec stage boundary-regularization: 0.237s (total 4.830s)
picvec stage interior-shading: 1.683s (total 16.482s)
picvec stage face-alpha: 0.004s (total 16.486s)
picvec stage hierarchical-topology: 0.002s (total 16.487s)
picvec stage interior-shading: 1.414s (total 16.557s)
picvec stage face-alpha: 0.005s (total 16.562s)
picvec stage hierarchical-topology: 0.002s (total 16.563s)
picvec paint substage harmonize: 5.123s
picvec stage interior-shading: 1.345s (total 16.928s)
picvec stage face-alpha: 0.005s (total 16.934s)
picvec stage hierarchical-topology: 0.002s (total 16.936s)
picvec paint substage couple: 0.257s
picvec stage paint-fitting: 9.590s (total 17.046s)
picvec stage paint-aware-merge: 0.841s (total 5.671s)
picvec stage interior-shading: 1.194s (total 17.463s)
picvec stage face-alpha: 0.006s (total 17.469s)
picvec stage hierarchical-topology: 0.002s (total 17.471s)
picvec stage thin-paint-ownership: 0.243s (total 5.914s)
picvec paint substage harmonize: 4.118s
picvec paint substage couple: 0.290s
picvec stage paint-fitting: 9.184s (total 18.193s)
picvec layered merge candidates: considered 1045, evidence 893, seam 24, layered 30, nonfinite 0, face 51, combined 48, accepted 29
picvec stage source-supported-paint-merge: 8.851s (total 18.544s)
picvec stage exact-paint-merge: 0.013s (total 18.557s)
picvec stage layered-paint-simplification: 0.295s (total 18.851s)
picvec stage residual-shape-refinement: 0.153s (total 19.004s)
picvec paint substage harmonize: 4.992s
picvec paint substage couple: 0.375s
picvec stage paint-fitting: 9.965s (total 19.554s)
picvec stage interior-shading: 0.811s (total 19.815s)
picvec stage face-alpha: 0.005s (total 19.820s)
picvec stage hierarchical-topology: 0.001s (total 19.822s)
picvec stage paint-topology-preservation: 2.294s (total 8.208s)
picvec paint substage setup: 0.040s
picvec layered merge candidates: considered 1414, evidence 1093, seam 92, layered 60, nonfinite 0, face 124, combined 72, accepted 33
picvec stage source-supported-paint-merge: 4.759s (total 19.952s)
picvec stage exact-paint-merge: 0.013s (total 19.965s)
picvec stage layered-paint-simplification: 1.003s (total 20.968s)
picvec stage residual-shape-refinement: 1.703s (total 22.671s)
picvec layered merge candidates: considered 2073, evidence 1695, seam 86, layered 66, nonfinite 0, face 166, combined 95, accepted 31
picvec stage source-supported-paint-merge: 5.688s (total 22.734s)
picvec stage exact-paint-merge: 0.018s (total 22.752s)
picvec layered merge candidates: considered 2538, evidence 2203, seam 80, layered 76, nonfinite 0, face 157, combined 75, accepted 23
picvec stage source-supported-paint-merge: 5.387s (total 23.580s)
picvec stage exact-paint-merge: 0.018s (total 23.598s)
picvec paint substage initial: 3.799s (primary solid 0, gain-bound solid 204, low-range solid 15, model search 582)
picvec stage layered-paint-simplification: 0.278s (total 23.876s)
picvec stage layered-paint-simplification: 1.460s (total 24.212s)
picvec stage residual-shape-refinement: 0.625s (total 24.502s)
picvec stage shared-geometry: 8.165s (total 24.728s)
picvec stage paint-preview: 0.030s (total 24.758s)
picvec structural substage ownership: 0.174s
picvec structural substage outline-proposals: 0.001s
picvec structural substage outline-validation: 0.000s
picvec structural substage colour-patches: 0.086s
picvec stage structural-selection: 0.281s (total 25.039s)
picvec stage shared-geometry: 8.688s (total 25.175s)
picvec stage paint-preview: 0.038s (total 25.213s)
picvec stage paint-order-validation: 0.208s (total 25.246s)
picvec stage interior-shading: 2.677s (total 25.348s)
picvec stage face-alpha: 0.015s (total 25.363s)
picvec stage hierarchical-topology: 0.002s (total 25.365s)
picvec layered merge candidates: considered 2901, evidence 2473, seam 94, layered 76, nonfinite 0, face 181, combined 109, accepted 44
picvec stage source-supported-paint-merge: 5.854s (total 25.408s)
picvec stage exact-paint-merge: 0.018s (total 25.427s)
picvec structural substage ownership: 0.230s
picvec structural substage outline-proposals: 0.122s
picvec structural substage outline-validation: 0.082s
picvec stage covered-hole-simplification: 0.421s (total 25.668s)
picvec stage final-svg: 0.083s (total 25.751s)
picvec structural substage colour-patches: 0.120s
picvec stage structural-selection: 0.555s (total 25.768s)
picvec stage layered-paint-simplification: 0.557s (total 25.984s)
picvec stage paint-order-validation: 0.334s (total 26.102s)
picvec stage shared-geometry: 8.798s (total 26.268s)
picvec stage paint-preview: 0.047s (total 26.315s)
picvec structural substage ownership: 0.197s
picvec structural substage outline-proposals: 0.004s
picvec structural substage outline-validation: 0.000s
picvec structural substage colour-patches: 0.158s
picvec stage structural-selection: 0.360s (total 26.675s)
picvec stage residual-shape-refinement: 0.712s (total 26.696s)
picvec stage shared-geometry: 9.849s (total 26.785s)
picvec stage paint-preview: 0.035s (total 26.820s)
picvec structural substage ownership: 0.220s
picvec paint substage harmonize: 3.464s
picvec stage paint-order-validation: 0.525s (total 27.200s)
picvec stage covered-hole-simplification: 1.112s (total 27.214s)
picvec structural substage outline-proposals: 0.230s
picvec structural substage outline-validation: 0.076s
picvec structural substage colour-patches: 0.107s
picvec stage structural-selection: 0.633s (total 27.452s)
picvec stage shared-geometry: 7.666s (total 27.487s)
picvec paint substage couple: 0.295s
picvec stage paint-fitting: 7.661s (total 15.869s)
picvec stage paint-preview: 0.028s (total 27.516s)
picvec stage interior-shading: 3.139s (total 27.641s)
picvec stage face-alpha: 0.006s (total 27.647s)
picvec stage hierarchical-topology: 0.003s (total 27.650s)
picvec structural substage ownership: 0.181s
picvec stage final-svg: 0.508s (total 27.722s)
picvec structural substage outline-proposals: 0.240s
picvec stage paint-order-validation: 0.531s (total 27.983s)
picvec structural substage outline-validation: 0.067s
picvec stage covered-hole-simplification: 0.798s (total 27.998s)
picvec structural substage colour-patches: 0.098s
picvec stage structural-selection: 0.587s (total 28.103s)
picvec stage final-svg: 0.107s (total 28.106s)
picvec stage residual-shape-refinement: 4.026s (total 28.237s)
picvec adaptive evaluated 4328 872 464 752: baseline=PerceptualScore { mean_delta_e: 5.1810675, p90_delta_e: 15.676727, missing_edge_fraction: 0.8354049, combined: 11.108385 } refined=PerceptualScore { mean_delta_e: 1.697622, p90_delta_e: 2.7617223, missing_edge_fraction: 0.2700565, combined: 2.6787882 } boundary_matches=true bytes=424815
picvec adaptive processing: source 4178 4115 731 705, processing 731 705
picvec stage load-resize: 0.001s (total 0.001s)
picvec stage paint-order-validation: 0.600s (total 28.703s)
picvec stage covered-hole-simplification: 1.250s (total 29.233s)
picvec stage covered-hole-simplification: 0.921s (total 29.623s)
picvec stage final-svg: 0.486s (total 29.719s)
picvec stage edge-roles: 1.286s (total 1.287s)
picvec stage final-svg: 0.477s (total 30.100s)
picvec stage structural-analysis: 0.581s (total 1.868s)
picvec stage interior-shading: 4.040s (total 30.736s)
picvec stage face-alpha: 0.006s (total 30.742s)
picvec stage hierarchical-topology: 0.002s (total 30.744s)
picvec stage interior-shading: 2.815s (total 31.052s)
picvec stage face-alpha: 0.007s (total 31.059s)
picvec stage hierarchical-topology: 0.003s (total 31.062s)
picvec stage perceptual-smoothing: 0.809s (total 2.676s)
picvec segmentation substage setup: 0.040s
picvec segmentation substage palette: 0.125s (26349 histogram cells, 1481 colours)
picvec segmentation substage initial-components: 0.016s
picvec segmentation substage small-components: 0.144s
picvec segmentation substage compact: 0.014s
picvec layered merge candidates: considered 2125, evidence 1744, seam 92, layered 67, nonfinite 0, face 142, combined 105, accepted 42
picvec segmentation substage antialias: 0.140s
picvec stage source-supported-paint-merge: 4.143s (total 20.012s)
picvec stage exact-paint-merge: 0.020s (total 20.032s)
picvec segmentation substage finalize: 0.055s (total 0.535s)
picvec adaptive evaluated 87 904 680 676: baseline=PerceptualScore { mean_delta_e: 3.988487, p90_delta_e: 12.251256, missing_edge_fraction: 0.7287234, combined: 8.881493 } refined=PerceptualScore { mean_delta_e: 1.2851443, p90_delta_e: 1.8463461, missing_edge_fraction: 0.26010638, combined: 2.0971725 } boundary_matches=true bytes=327306
picvec adaptive processing: source 3409 1676 627 802, processing 627 802
picvec stage load-resize: 0.000s (total 0.000s)
picvec stage layered-paint-simplification: 0.504s (total 20.536s)
picvec stage segmentation: 1.145s (total 3.821s)
picvec stage boundary-regularization: 0.186s (total 4.008s)
picvec adaptive evaluated 4205 2590 712 681: baseline=PerceptualScore { mean_delta_e: 3.8828988, p90_delta_e: 12.090997, missing_edge_fraction: 0.72072417, combined: 8.745875 } refined=PerceptualScore { mean_delta_e: 1.3017021, p90_delta_e: 2.2651129, missing_edge_fraction: 0.3170262, combined: 2.4428897 } boundary_matches=true bytes=371744
picvec adaptive processing: source 2587 2529 619 800, processing 619 800
picvec stage load-resize: 0.000s (total 0.000s)
picvec stage residual-shape-refinement: 0.755s (total 21.291s)
picvec stage paint-aware-merge: 0.613s (total 4.621s)
picvec stage edge-roles: 1.326s (total 1.327s)
picvec adaptive evaluated 912 4118 700 663: baseline=PerceptualScore { mean_delta_e: 4.1470256, p90_delta_e: 12.696511, missing_edge_fraction: 0.7225028, combined: 9.112274 } refined=PerceptualScore { mean_delta_e: 1.5053718, p90_delta_e: 2.9074721, missing_edge_fraction: 0.32154882, combined: 2.8050528 } boundary_matches=true bytes=576499
picvec adaptive processing: source 4258 3322 594 703, processing 594 703
picvec stage load-resize: 0.000s (total 0.000s)
picvec stage thin-paint-ownership: 0.201s (total 4.822s)
picvec stage structural-analysis: 0.714s (total 2.040s)
picvec stage shared-geometry: 8.514s (total 33.879s)
picvec stage paint-preview: 0.055s (total 33.934s)
picvec structural substage ownership: 0.168s
picvec structural substage outline-proposals: 0.008s
picvec structural substage outline-validation: 0.000s
picvec stage edge-roles: 1.375s (total 1.375s)
picvec stage edge-roles: 0.963s (total 0.964s)
picvec structural substage colour-patches: 0.133s
picvec stage structural-selection: 0.310s (total 34.244s)
picvec stage structural-analysis: 0.338s (total 1.302s)
picvec stage structural-analysis: 0.497s (total 1.873s)
picvec stage perceptual-smoothing: 0.813s (total 2.853s)
picvec segmentation substage setup: 0.032s
picvec stage paint-order-validation: 0.486s (total 34.730s)
picvec segmentation substage palette: 0.189s (34781 histogram cells, 1661 colours)
picvec segmentation substage initial-components: 0.023s
picvec segmentation substage small-components: 0.269s
picvec stage perceptual-smoothing: 0.683s (total 1.985s)
picvec segmentation substage compact: 0.013s
picvec segmentation substage setup: 0.026s
picvec stage paint-topology-preservation: 1.951s (total 6.773s)
picvec paint substage setup: 0.034s
picvec segmentation substage palette: 0.118s (27109 histogram cells, 1136 colours)
picvec segmentation substage antialias: 0.148s
picvec stage covered-hole-simplification: 0.634s (total 35.364s)
picvec segmentation substage initial-components: 0.018s
picvec segmentation substage finalize: 0.049s (total 0.724s)
picvec stage perceptual-smoothing: 0.808s (total 2.681s)
picvec stage final-svg: 0.121s (total 35.485s)
picvec segmentation substage setup: 0.034s
picvec segmentation substage small-components: 0.186s
picvec segmentation substage compact: 0.010s
picvec segmentation substage palette: 0.093s (20779 histogram cells, 976 colours)
picvec segmentation substage initial-components: 0.030s
picvec segmentation substage antialias: 0.107s
picvec segmentation substage finalize: 0.034s (total 0.500s)
picvec stage interior-shading: 2.840s (total 24.131s)
picvec stage face-alpha: 0.022s (total 24.153s)
picvec stage hierarchical-topology: 0.003s (total 24.157s)
picvec segmentation substage small-components: 0.217s
picvec segmentation substage compact: 0.022s
picvec segmentation substage antialias: 0.241s
picvec segmentation substage finalize: 0.052s (total 0.690s)
picvec stage segmentation: 1.050s (total 3.035s)
picvec stage segmentation: 1.636s (total 4.489s)
picvec stage boundary-regularization: 0.152s (total 3.186s)
picvec stage boundary-regularization: 0.193s (total 4.682s)
picvec stage paint-aware-merge: 0.356s (total 3.543s)
picvec stage segmentation: 1.345s (total 4.027s)
picvec stage boundary-regularization: 0.204s (total 4.230s)
picvec stage thin-paint-ownership: 0.371s (total 3.913s)
picvec stage shared-geometry: 9.645s (total 37.295s)
picvec stage paint-preview: 0.065s (total 37.360s)
picvec stage paint-aware-merge: 0.966s (total 5.648s)
picvec structural substage ownership: 0.329s
picvec structural substage outline-proposals: 0.003s
picvec structural substage outline-validation: 0.000s
picvec stage thin-paint-ownership: 0.370s (total 6.019s)
picvec structural substage colour-patches: 0.199s
picvec stage structural-selection: 0.531s (total 37.891s)
picvec paint substage initial: 2.628s (primary solid 0, gain-bound solid 146, low-range solid 5, model search 433)
picvec stage paint-aware-merge: 1.040s (total 5.270s)
picvec adaptive evaluated 2561 909 698 671: baseline=PerceptualScore { mean_delta_e: 3.5617275, p90_delta_e: 10.737295, missing_edge_fraction: 0.82091916, combined: 8.360453 } refined=PerceptualScore { mean_delta_e: 1.3580734, p90_delta_e: 2.4116797, missing_edge_fraction: 0.38827258, combined: 2.7406228 } boundary_matches=true bytes=316653
picvec adaptive processing: source 4276 106 554 712, processing 554 712
picvec stage load-resize: 0.000s (total 0.000s)
picvec stage thin-paint-ownership: 0.259s (total 5.528s)
picvec stage paint-order-validation: 0.457s (total 38.348s)
picvec stage paint-topology-preservation: 1.917s (total 5.830s)
picvec paint substage setup: 0.029s
picvec stage edge-roles: 0.968s (total 0.968s)
picvec stage covered-hole-simplification: 0.926s (total 39.274s)
picvec stage final-svg: 0.174s (total 39.447s)
picvec stage structural-analysis: 0.348s (total 1.316s)
picvec stage paint-topology-preservation: 1.882s (total 7.900s)
picvec paint substage setup: 0.034s
picvec stage perceptual-smoothing: 0.688s (total 2.005s)
picvec segmentation substage setup: 0.038s
picvec segmentation substage palette: 0.080s (16662 histogram cells, 925 colours)
picvec segmentation substage initial-components: 0.012s
picvec segmentation substage small-components: 0.111s
picvec segmentation substage compact: 0.014s
picvec segmentation substage antialias: 0.115s
picvec segmentation substage finalize: 0.044s (total 0.414s)
picvec stage paint-topology-preservation: 2.285s (total 7.813s)
picvec paint substage setup: 0.037s
picvec stage shared-geometry: 9.940s (total 40.685s)
picvec stage paint-preview: 0.094s (total 40.779s)
picvec structural substage ownership: 0.238s
picvec structural substage outline-proposals: 0.043s
picvec structural substage outline-validation: 0.155s
picvec stage segmentation: 1.092s (total 3.097s)
picvec stage boundary-regularization: 0.153s (total 3.250s)
picvec stage shared-geometry: 10.365s (total 41.427s)
picvec structural substage colour-patches: 0.288s
picvec stage structural-selection: 0.724s (total 41.503s)
picvec stage paint-preview: 0.072s (total 41.499s)
picvec paint substage harmonize: 3.554s
picvec paint substage couple: 0.186s
picvec stage paint-fitting: 6.467s (total 13.240s)
picvec stage paint-aware-merge: 0.326s (total 3.576s)
picvec structural substage ownership: 0.266s
picvec structural substage outline-proposals: 0.008s
picvec structural substage outline-validation: 0.000s
picvec stage thin-paint-ownership: 0.196s (total 3.772s)
picvec structural substage colour-patches: 0.196s
picvec stage structural-selection: 0.470s (total 41.969s)
picvec stage paint-order-validation: 0.632s (total 42.135s)
picvec paint substage initial: 3.302s (primary solid 0, gain-bound solid 298, low-range solid 3, model search 525)
picvec stage paint-order-validation: 0.710s (total 42.680s)
picvec stage paint-topology-preservation: 1.315s (total 5.087s)
picvec paint substage setup: 0.034s
picvec stage covered-hole-simplification: 1.161s (total 43.296s)
picvec stage final-svg: 0.215s (total 43.511s)
picvec adaptive evaluated 4195 1707 725 761: baseline=PerceptualScore { mean_delta_e: 5.06596, p90_delta_e: 15.292145, missing_edge_fraction: 0.7890703, combined: 10.76375 } refined=PerceptualScore { mean_delta_e: 1.7666574, p90_delta_e: 3.5135968, missing_edge_fraction: 0.37820727, combined: 3.3350565 } boundary_matches=true bytes=841320
picvec adaptive processing: source 2622 106 564 710, processing 564 710
picvec stage load-resize: 0.000s (total 0.000s)
picvec paint substage initial: 4.313s (primary solid 0, gain-bound solid 438, low-range solid 5, model search 581)
picvec stage covered-hole-simplification: 1.600s (total 44.280s)
picvec paint substage initial: 3.717s (primary solid 0, gain-bound solid 132, low-range solid 18, model search 681)
picvec stage final-svg: 0.185s (total 44.465s)
picvec paint substage initial: 1.535s (primary solid 0, gain-bound solid 133, low-range solid 6, model search 282)
picvec stage edge-roles: 1.179s (total 1.179s)
picvec stage shared-geometry: 9.135s (total 33.292s)
picvec stage paint-preview: 0.095s (total 33.386s)
picvec stage structural-analysis: 0.402s (total 1.581s)
picvec structural substage ownership: 0.358s
picvec structural substage outline-proposals: 0.004s
picvec structural substage outline-validation: 0.000s
picvec structural substage colour-patches: 0.219s
picvec stage structural-selection: 0.581s (total 33.967s)
picvec layered merge candidates: considered 1552, evidence 1330, seam 46, layered 49, nonfinite 0, face 96, combined 61, accepted 19
picvec stage source-supported-paint-merge: 4.099s (total 17.339s)
picvec stage exact-paint-merge: 0.019s (total 17.359s)
picvec stage perceptual-smoothing: 0.764s (total 2.345s)
picvec segmentation substage setup: 0.036s
picvec segmentation substage palette: 0.059s (14147 histogram cells, 795 colours)
picvec segmentation substage initial-components: 0.012s
picvec segmentation substage small-components: 0.091s
picvec segmentation substage compact: 0.012s
picvec segmentation substage antialias: 0.144s
picvec paint substage harmonize: 1.557s
picvec segmentation substage finalize: 0.055s (total 0.410s)
picvec stage paint-order-validation: 0.890s (total 34.857s)
picvec paint substage harmonize: 4.102s
picvec paint substage couple: 0.114s
picvec stage paint-fitting: 3.287s (total 8.374s)
picvec paint substage couple: 0.289s
picvec stage paint-fitting: 7.777s (total 13.607s)
picvec stage layered-paint-simplification: 1.007s (total 18.366s)
picvec stage segmentation: 0.826s (total 3.172s)
picvec stage boundary-regularization: 0.165s (total 3.337s)
picvec paint substage harmonize: 3.003s
picvec paint substage couple: 0.258s
picvec stage paint-fitting: 7.670s (total 15.570s)
picvec stage paint-aware-merge: 0.445s (total 3.781s)
picvec stage thin-paint-ownership: 0.191s (total 3.973s)
picvec stage covered-hole-simplification: 1.236s (total 36.093s)
picvec stage final-svg: 0.294s (total 36.387s)
picvec stage residual-shape-refinement: 1.948s (total 20.314s)
picvec paint substage harmonize: 4.684s
picvec paint substage couple: 0.281s
picvec stage paint-fitting: 8.797s (total 16.610s)
picvec layered merge candidates: considered 2098, evidence 1843, seam 37, layered 35, nonfinite 0, face 91, combined 71, accepted 56
picvec stage source-supported-paint-merge: 2.882s (total 16.490s)
picvec stage exact-paint-merge: 0.016s (total 16.506s)
picvec stage paint-topology-preservation: 2.379s (total 6.351s)
picvec paint substage setup: 0.033s
picvec stage layered-paint-simplification: 0.597s (total 17.103s)
picvec layered merge candidates: considered 1065, evidence 937, seam 35, layered 28, nonfinite 0, face 46, combined 31, accepted 16
picvec stage source-supported-paint-merge: 3.950s (total 12.323s)
picvec stage exact-paint-merge: 0.012s (total 12.335s)
picvec stage layered-paint-simplification: 0.183s (total 12.518s)
picvec stage residual-shape-refinement: 0.066s (total 12.584s)
picvec stage interior-shading: 2.098s (total 22.412s)
picvec stage face-alpha: 0.033s (total 22.445s)
picvec stage hierarchical-topology: 0.004s (total 22.449s)
picvec stage residual-shape-refinement: 0.890s (total 17.993s)
picvec paint substage initial: 1.783s (primary solid 0, gain-bound solid 75, low-range solid 7, model search 236)
picvec stage interior-shading: 1.128s (total 13.712s)
picvec stage face-alpha: 0.006s (total 13.717s)
picvec stage hierarchical-topology: 0.002s (total 13.719s)
picvec layered merge candidates: considered 2453, evidence 2162, seam 90, layered 78, nonfinite 0, face 117, combined 54, accepted 30
picvec stage source-supported-paint-merge: 4.595s (total 20.165s)
picvec stage exact-paint-merge: 0.022s (total 20.187s)
picvec stage layered-paint-simplification: 1.507s (total 21.695s)
picvec paint substage harmonize: 1.857s
picvec paint substage couple: 0.070s
picvec stage paint-fitting: 3.799s (total 10.150s)
picvec stage interior-shading: 3.305s (total 21.298s)
picvec stage face-alpha: 0.006s (total 21.304s)
picvec stage hierarchical-topology: 0.002s (total 21.306s)
picvec layered merge candidates: considered 1912, evidence 1607, seam 61, layered 71, nonfinite 0, face 133, combined 76, accepted 35
picvec stage source-supported-paint-merge: 5.508s (total 22.118s)
picvec stage exact-paint-merge: 0.026s (total 22.144s)
picvec stage residual-shape-refinement: 2.435s (total 24.130s)
picvec stage layered-paint-simplification: 1.198s (total 23.343s)
picvec layered merge candidates: considered 851, evidence 691, seam 37, layered 27, nonfinite 0, face 73, combined 40, accepted 10
picvec stage source-supported-paint-merge: 3.734s (total 13.884s)
picvec stage exact-paint-merge: 0.012s (total 13.896s)
picvec stage residual-shape-refinement: 1.507s (total 24.850s)
picvec stage shared-geometry: 6.818s (total 20.537s)
picvec stage paint-preview: 0.044s (total 20.581s)
picvec adaptive evaluated 1772 2551 585 739: baseline=PerceptualScore { mean_delta_e: 4.4521694, p90_delta_e: 13.229025, missing_edge_fraction: 0.7413027, combined: 9.518994 } refined=PerceptualScore { mean_delta_e: 1.4074782, p90_delta_e: 2.5253515, missing_edge_fraction: 0.35788304, combined: 2.717155 } boundary_matches=true bytes=488775
picvec adaptive processing: source 870 1715 765 726, processing 765 726
picvec stage load-resize: 0.001s (total 0.001s)
picvec stage layered-paint-simplification: 1.313s (total 15.209s)
picvec structural substage ownership: 0.222s
picvec stage residual-shape-refinement: 0.190s (total 15.399s)
picvec stage interior-shading: 3.175s (total 27.305s)
picvec stage face-alpha: 0.009s (total 27.313s)
picvec stage hierarchical-topology: 0.002s (total 27.315s)
picvec structural substage outline-proposals: 0.369s
picvec stage shared-geometry: 4.879s (total 26.185s)
picvec structural substage outline-validation: 0.090s
picvec stage paint-preview: 0.057s (total 26.242s)
picvec structural substage colour-patches: 0.136s
picvec stage structural-selection: 0.817s (total 21.399s)
picvec structural substage ownership: 0.184s
picvec structural substage outline-proposals: 0.017s
picvec structural substage outline-validation: 0.000s
picvec structural substage colour-patches: 0.152s
picvec stage structural-selection: 0.355s (total 26.596s)
picvec stage interior-shading: 1.044s (total 16.443s)
picvec stage face-alpha: 0.004s (total 16.447s)
picvec stage hierarchical-topology: 0.001s (total 16.448s)
picvec stage shared-geometry: 9.244s (total 31.692s)
picvec stage paint-preview: 0.050s (total 31.743s)
picvec stage paint-order-validation: 0.551s (total 27.147s)
picvec structural substage ownership: 0.239s
picvec structural substage outline-proposals: 0.032s
picvec stage edge-roles: 1.703s (total 1.704s)
picvec stage paint-order-validation: 0.988s (total 22.387s)
picvec structural substage outline-validation: 0.115s
picvec stage interior-shading: 3.009s (total 27.859s)
picvec stage face-alpha: 0.007s (total 27.866s)
picvec stage hierarchical-topology: 0.003s (total 27.870s)
picvec structural substage colour-patches: 0.145s
picvec stage structural-selection: 0.531s (total 32.273s)
picvec stage paint-order-validation: 0.407s (total 32.680s)
picvec stage covered-hole-simplification: 0.805s (total 27.952s)
picvec stage final-svg: 0.152s (total 28.104s)
picvec stage structural-analysis: 0.955s (total 2.659s)
picvec stage covered-hole-simplification: 0.741s (total 33.421s)
picvec stage final-svg: 0.138s (total 33.559s)
picvec stage covered-hole-simplification: 2.016s (total 24.403s)
picvec stage perceptual-smoothing: 1.091s (total 3.750s)
picvec segmentation substage setup: 0.038s
picvec segmentation substage palette: 0.195s (30814 histogram cells, 1529 colours)
picvec segmentation substage initial-components: 0.046s
picvec adaptive evaluated 4267 3331 576 685: baseline=PerceptualScore { mean_delta_e: 3.5628836, p90_delta_e: 11.750437, missing_edge_fraction: 0.6698276, combined: 8.312956 } refined=PerceptualScore { mean_delta_e: 1.0924281, p90_delta_e: 2.1512218, missing_edge_fraction: 0.4362069, combined: 2.660702 } boundary_matches=true bytes=610747
picvec adaptive processing: source 3393 902 705 688, processing 705 688
picvec stage load-resize: 0.001s (total 0.001s)
picvec segmentation substage small-components: 0.297s
picvec segmentation substage compact: 0.022s
picvec segmentation substage antialias: 0.195s
picvec segmentation substage finalize: 0.059s (total 0.852s)
picvec stage final-svg: 1.042s (total 25.445s)
picvec adaptive evaluated 4188 4125 711 685: baseline=PerceptualScore { mean_delta_e: 3.6862636, p90_delta_e: 11.133297, missing_edge_fraction: 0.7260818, combined: 8.290383 } refined=PerceptualScore { mean_delta_e: 1.1980948, p90_delta_e: 2.2286277, missing_edge_fraction: 0.35371178, combined: 2.491729 } boundary_matches=true bytes=494333
picvec adaptive processing: source 74 4079 710 745, processing 710 745
picvec stage load-resize: 0.001s (total 0.001s)
picvec stage edge-roles: 1.438s (total 1.439s)
picvec stage segmentation: 1.927s (total 5.677s)
picvec stage boundary-regularization: 0.231s (total 5.908s)
picvec adaptive evaluated 4284 114 538 696: baseline=PerceptualScore { mean_delta_e: 3.2453806, p90_delta_e: 9.641666, missing_edge_fraction: 0.823, combined: 7.786088 } refined=PerceptualScore { mean_delta_e: 1.1870745, p90_delta_e: 2.091981, missing_edge_fraction: 0.346, combined: 2.408976 } boundary_matches=true bytes=376979
picvec adaptive processing: source 2529 4096 701 727, processing 701 727
picvec stage load-resize: 0.001s (total 0.001s)
picvec stage structural-analysis: 0.552s (total 1.991s)
picvec stage edge-roles: 1.645s (total 1.646s)
picvec adaptive evaluated 1703 904 746 675: baseline=PerceptualScore { mean_delta_e: 4.8233113, p90_delta_e: 14.675104, missing_edge_fraction: 0.8631492, combined: 10.62998 } refined=PerceptualScore { mean_delta_e: 1.4811724, p90_delta_e: 2.8044167, missing_edge_fraction: 0.358615, combined: 2.8641393 } boundary_matches=true bytes=689242
picvec adaptive processing: source 987 3311 534 706, processing 534 706
picvec stage load-resize: 0.000s (total 0.000s)
picvec stage paint-aware-merge: 1.148s (total 7.055s)
picvec stage perceptual-smoothing: 0.936s (total 2.926s)
picvec segmentation substage setup: 0.041s
picvec segmentation substage palette: 0.086s (15633 histogram cells, 1010 colours)
picvec segmentation substage initial-components: 0.017s
picvec segmentation substage small-components: 0.090s
picvec stage thin-paint-ownership: 0.272s (total 7.327s)
picvec segmentation substage compact: 0.015s
picvec stage structural-analysis: 0.532s (total 2.178s)
picvec stage edge-roles: 1.546s (total 1.546s)
picvec segmentation substage antialias: 0.150s
picvec segmentation substage finalize: 0.051s (total 0.451s)
picvec stage shared-geometry: 7.499s (total 34.815s)
picvec stage paint-preview: 0.101s (total 34.915s)
picvec stage edge-roles: 1.046s (total 1.046s)
picvec stage segmentation: 0.965s (total 3.892s)
picvec structural substage ownership: 0.336s
picvec structural substage outline-proposals: 0.010s
picvec structural substage outline-validation: 0.000s
picvec stage boundary-regularization: 0.223s (total 4.114s)
picvec stage structural-analysis: 0.879s (total 2.425s)
picvec stage perceptual-smoothing: 1.020s (total 3.198s)
picvec segmentation substage setup: 0.046s
picvec structural substage colour-patches: 0.213s
picvec stage structural-selection: 0.559s (total 35.474s)
picvec segmentation substage palette: 0.118s (23027 histogram cells, 1045 colours)
picvec segmentation substage initial-components: 0.030s
picvec stage structural-analysis: 0.590s (total 1.637s)
picvec stage paint-aware-merge: 0.459s (total 4.573s)
picvec segmentation substage small-components: 0.172s
picvec segmentation substage compact: 0.019s
picvec stage thin-paint-ownership: 0.210s (total 4.783s)
picvec segmentation substage antialias: 0.241s
picvec segmentation substage finalize: 0.058s (total 0.684s)
picvec stage paint-order-validation: 0.773s (total 36.247s)
picvec stage perceptual-smoothing: 0.933s (total 3.358s)
picvec stage perceptual-smoothing: 0.683s (total 2.320s)
picvec segmentation substage setup: 0.030s
picvec stage shared-geometry: 8.020s (total 24.469s)
picvec segmentation substage setup: 0.053s
picvec stage paint-preview: 0.042s (total 24.511s)
picvec segmentation substage palette: 0.087s (17337 histogram cells, 1000 colours)
picvec segmentation substage initial-components: 0.013s
picvec segmentation substage palette: 0.108s (21583 histogram cells, 1125 colours)
picvec segmentation substage initial-components: 0.018s
picvec segmentation substage small-components: 0.094s
picvec segmentation substage compact: 0.014s
picvec structural substage ownership: 0.211s
picvec structural substage outline-proposals: 0.018s
picvec structural substage outline-validation: 0.000s
picvec segmentation substage small-components: 0.193s
picvec segmentation substage compact: 0.015s
picvec segmentation substage antialias: 0.137s
picvec stage segmentation: 1.310s (total 4.508s)
picvec structural substage colour-patches: 0.089s
picvec stage structural-selection: 0.318s (total 24.829s)
picvec segmentation substage finalize: 0.039s (total 0.413s)
picvec segmentation substage antialias: 0.196s
picvec stage paint-order-validation: 0.198s (total 25.027s)
picvec stage boundary-regularization: 0.213s (total 4.720s)
picvec segmentation substage finalize: 0.061s (total 0.644s)
picvec stage segmentation: 0.928s (total 3.248s)
picvec stage boundary-regularization: 0.153s (total 3.401s)
picvec stage covered-hole-simplification: 0.528s (total 25.555s)
picvec stage final-svg: 0.093s (total 25.647s)
picvec stage segmentation: 1.323s (total 4.680s)
picvec stage paint-topology-preservation: 3.305s (total 10.632s)
picvec stage paint-aware-merge: 0.716s (total 5.436s)
picvec paint substage setup: 0.045s
picvec stage paint-topology-preservation: 1.836s (total 6.619s)
picvec paint substage setup: 0.036s
picvec stage boundary-regularization: 0.228s (total 4.908s)
picvec stage paint-aware-merge: 0.619s (total 4.021s)
picvec stage thin-paint-ownership: 0.416s (total 5.853s)
picvec stage covered-hole-simplification: 1.813s (total 38.060s)
picvec stage thin-paint-ownership: 0.182s (total 4.202s)
picvec stage final-svg: 0.174s (total 38.234s)
picvec stage paint-aware-merge: 0.698s (total 5.606s)
picvec stage thin-paint-ownership: 0.414s (total 6.019s)
picvec adaptive evaluated 2548 1703 732 744: baseline=PerceptualScore { mean_delta_e: 4.272983, p90_delta_e: 12.721194, missing_edge_fraction: 0.7764858, combined: 9.340777 } refined=PerceptualScore { mean_delta_e: 1.368023, p90_delta_e: 2.6229095, missing_edge_fraction: 0.34237728, combined: 2.691906 } boundary_matches=true bytes=620875
picvec adaptive processing: source 3455 106 569 710, processing 569 710
picvec stage load-resize: 0.000s (total 0.000s)
picvec paint substage initial: 2.218s (primary solid 0, gain-bound solid 141, low-range solid 11, model search 319)
picvec stage paint-topology-preservation: 1.904s (total 6.106s)
picvec paint substage setup: 0.028s
picvec stage edge-roles: 1.108s (total 1.108s)
picvec adaptive evaluated 1702 1716 736 732: baseline=PerceptualScore { mean_delta_e: 4.803068, p90_delta_e: 15.137589, missing_edge_fraction: 0.7365227, combined: 10.425984 } refined=PerceptualScore { mean_delta_e: 1.6044561, p90_delta_e: 3.1474552, missing_edge_fraction: 0.34594786, combined: 3.0188308 } boundary_matches=true bytes=985769
picvec adaptive processing: source 157 106 564 710, processing 564 710
picvec stage load-resize: 0.000s (total 0.000s)
picvec stage structural-analysis: 0.249s (total 1.358s)
picvec stage shared-geometry: 11.754s (total 39.623s)
picvec stage paint-preview: 0.077s (total 39.700s)
picvec stage paint-topology-preservation: 2.653s (total 8.506s)
picvec paint substage setup: 0.039s
picvec structural substage ownership: 0.225s
picvec structural substage outline-proposals: 0.134s
picvec stage perceptual-smoothing: 0.694s (total 2.052s)
picvec segmentation substage setup: 0.032s
picvec structural substage outline-validation: 0.158s
picvec segmentation substage palette: 0.071s (16576 histogram cells, 803 colours)
picvec segmentation substage initial-components: 0.013s
picvec segmentation substage small-components: 0.084s
picvec segmentation substage compact: 0.011s
picvec stage edge-roles: 1.020s (total 1.020s)
picvec structural substage colour-patches: 0.187s
picvec stage structural-selection: 0.705s (total 40.405s)
picvec segmentation substage antialias: 0.118s
picvec segmentation substage finalize: 0.042s (total 0.372s)
picvec stage paint-topology-preservation: 2.501s (total 8.520s)
picvec paint substage setup: 0.035s
picvec stage structural-analysis: 0.333s (total 1.353s)
picvec stage segmentation: 0.798s (total 2.850s)
picvec stage boundary-regularization: 0.160s (total 3.010s)
picvec paint substage initial: 4.364s (primary solid 0, gain-bound solid 259, low-range solid 21, model search 549)
picvec paint substage initial: 2.029s (primary solid 0, gain-bound solid 135, low-range solid 2, model search 298)
picvec stage perceptual-smoothing: 0.632s (total 1.985s)
picvec segmentation substage setup: 0.028s
picvec segmentation substage palette: 0.055s (12980 histogram cells, 875 colours)
picvec segmentation substage initial-components: 0.014s
picvec segmentation substage small-components: 0.074s
picvec segmentation substage compact: 0.011s
picvec stage paint-order-validation: 1.120s (total 41.525s)
picvec stage paint-aware-merge: 0.459s (total 3.469s)
picvec segmentation substage antialias: 0.112s
picvec adaptive evaluated 2630 114 548 694: baseline=PerceptualScore { mean_delta_e: 3.1767497, p90_delta_e: 9.365011, missing_edge_fraction: 0.66973126, combined: 7.184736 } refined=PerceptualScore { mean_delta_e: 1.1754371, p90_delta_e: 1.8503406, missing_edge_fraction: 0.35219237, combined: 2.3256602 } boundary_matches=true bytes=264190
picvec segmentation substage finalize: 0.039s (total 0.334s)
picvec adaptive processing: source 979 106 560 710, processing 560 710
picvec stage load-resize: 0.000s (total 0.000s)
picvec stage thin-paint-ownership: 0.180s (total 3.649s)
picvec stage segmentation: 0.697s (total 2.682s)
picvec stage boundary-regularization: 0.150s (total 2.831s)
picvec paint substage harmonize: 3.143s
picvec paint substage couple: 0.156s
picvec stage paint-fitting: 5.610s (total 12.229s)
picvec stage paint-aware-merge: 0.436s (total 3.268s)
picvec stage edge-roles: 0.980s (total 0.980s)
picvec stage covered-hole-simplification: 1.254s (total 42.779s)
picvec stage thin-paint-ownership: 0.162s (total 3.430s)
picvec stage structural-analysis: 0.333s (total 1.313s)
picvec paint substage initial: 2.816s (primary solid 0, gain-bound solid 162, low-range solid 16, model search 430)
picvec paint substage harmonize: 2.116s
picvec stage final-svg: 0.596s (total 43.374s)
picvec paint substage couple: 0.138s
picvec stage paint-fitting: 4.351s (total 10.457s)
picvec stage paint-topology-preservation: 1.786s (total 5.435s)
picvec paint substage setup: 0.030s
picvec stage perceptual-smoothing: 0.710s (total 2.024s)
picvec segmentation substage setup: 0.028s
picvec segmentation substage palette: 0.052s (11544 histogram cells, 720 colours)
picvec segmentation substage initial-components: 0.010s
picvec paint substage initial: 4.036s (primary solid 0, gain-bound solid 111, low-range solid 13, model search 542)
picvec segmentation substage small-components: 0.053s
picvec segmentation substage compact: 0.009s
picvec adaptive evaluated 3418 1685 609 784: baseline=PerceptualScore { mean_delta_e: 4.351947, p90_delta_e: 13.85738, missing_edge_fraction: 0.7931319, combined: 9.880724 } refined=PerceptualScore { mean_delta_e: 1.3813897, p90_delta_e: 2.945746, missing_edge_fraction: 0.4041209, combined: 3.0122862 } boundary_matches=true bytes=880764
picvec adaptive processing: source 152 1678 574 776, processing 574 776
picvec stage load-resize: 0.000s (total 0.000s)
picvec segmentation substage antialias: 0.098s
picvec stage paint-topology-preservation: 1.198s (total 4.627s)
picvec segmentation substage finalize: 0.040s (total 0.291s)
picvec paint substage setup: 0.026s
picvec stage segmentation: 0.702s (total 2.726s)
picvec stage boundary-regularization: 0.138s (total 2.864s)
picvec stage paint-aware-merge: 0.368s (total 3.232s)
picvec paint substage initial: 0.918s (primary solid 0, gain-bound solid 68, low-range solid 9, model search 212)
picvec paint substage initial: 1.492s (primary solid 0, gain-bound solid 121, low-range solid 5, model search 278)
picvec stage edge-roles: 1.124s (total 1.124s)
picvec stage thin-paint-ownership: 0.230s (total 3.461s)
picvec stage structural-analysis: 0.604s (total 1.728s)
picvec paint substage harmonize: 4.656s
picvec paint substage harmonize: 2.436s
picvec paint substage couple: 0.105s
picvec stage paint-fitting: 5.443s (total 13.963s)
picvec layered merge candidates: considered 1118, evidence 951, seam 18, layered 26, nonfinite 0, face 73, combined 46, accepted 30
picvec stage source-supported-paint-merge: 2.538s (total 12.995s)
picvec stage exact-paint-merge: 0.009s (total 13.004s)
picvec stage layered-paint-simplification: 0.067s (total 13.070s)
picvec paint substage couple: 0.326s
picvec stage paint-fitting: 9.456s (total 20.088s)
picvec stage residual-shape-refinement: 0.060s (total 13.130s)
picvec stage perceptual-smoothing: 0.731s (total 2.459s)
picvec segmentation substage setup: 0.029s
picvec paint substage harmonize: 1.471s
picvec paint substage couple: 0.097s
picvec stage paint-fitting: 2.556s (total 7.183s)
picvec segmentation substage palette: 0.124s (26523 histogram cells, 1448 colours)
picvec segmentation substage initial-components: 0.018s
picvec layered merge candidates: considered 1212, evidence 989, seam 25, layered 34, nonfinite 0, face 111, combined 65, accepted 22
picvec stage source-supported-paint-merge: 4.211s (total 16.440s)
picvec stage exact-paint-merge: 0.013s (total 16.453s)
picvec segmentation substage small-components: 0.188s
picvec segmentation substage compact: 0.012s
picvec stage paint-topology-preservation: 1.739s (total 5.200s)
picvec paint substage setup: 0.026s
picvec segmentation substage antialias: 0.125s
picvec stage layered-paint-simplification: 0.232s (total 16.685s)
picvec segmentation substage finalize: 0.040s (total 0.538s)
picvec stage residual-shape-refinement: 0.172s (total 16.857s)
picvec stage segmentation: 1.098s (total 3.557s)
picvec stage boundary-regularization: 0.157s (total 3.714s)
picvec paint substage harmonize: 2.787s
picvec paint substage initial: 1.068s (primary solid 0, gain-bound solid 137, low-range solid 7, model search 194)
picvec paint substage couple: 0.137s
picvec stage paint-fitting: 4.488s (total 9.923s)
picvec stage interior-shading: 1.820s (total 14.950s)
picvec stage face-alpha: 0.005s (total 14.955s)
picvec stage hierarchical-topology: 0.001s (total 14.956s)
picvec paint substage harmonize: 4.167s
picvec paint substage couple: 0.136s
picvec stage paint-fitting: 8.445s (total 16.951s)
picvec stage paint-aware-merge: 0.834s (total 4.548s)
picvec stage thin-paint-ownership: 0.207s (total 4.755s)
picvec stage interior-shading: 1.709s (total 18.566s)
picvec stage face-alpha: 0.005s (total 18.571s)
picvec stage hierarchical-topology: 0.002s (total 18.574s)
picvec layered merge candidates: considered 778, evidence 657, seam 24, layered 15, nonfinite 0, face 49, combined 39, accepted 9
picvec stage source-supported-paint-merge: 2.511s (total 9.694s)
picvec stage exact-paint-merge: 0.012s (total 9.706s)
picvec stage layered-paint-simplification: 0.030s (total 9.736s)
picvec stage residual-shape-refinement: 0.045s (total 9.782s)
picvec paint substage harmonize: 1.281s
picvec paint substage couple: 0.090s
picvec stage paint-fitting: 2.504s (total 7.704s)
picvec stage interior-shading: 0.704s (total 10.485s)
picvec stage face-alpha: 0.004s (total 10.489s)
picvec stage hierarchical-topology: 0.001s (total 10.491s)
picvec layered merge candidates: considered 1610, evidence 1358, seam 69, layered 45, nonfinite 0, face 94, combined 66, accepted 23
picvec stage source-supported-paint-merge: 4.262s (total 18.225s)
picvec stage exact-paint-merge: 0.015s (total 18.240s)
picvec stage paint-topology-preservation: 1.992s (total 6.747s)
picvec paint substage setup: 0.030s
picvec stage layered-paint-simplification: 0.554s (total 18.794s)
picvec layered merge candidates: considered 823, evidence 700, seam 23, layered 22, nonfinite 0, face 52, combined 33, accepted 15
picvec stage residual-shape-refinement: 0.788s (total 19.582s)
picvec stage source-supported-paint-merge: 2.207s (total 9.911s)
picvec layered merge candidates: considered 2127, evidence 1776, seam 91, layered 70, nonfinite 0, face 129, combined 93, accepted 38
picvec layered merge candidates: considered 1081, evidence 894, seam 52, layered 23, nonfinite 0, face 66, combined 48, accepted 21
picvec stage exact-paint-merge: 0.014s (total 9.924s)
picvec stage source-supported-paint-merge: 5.460s (total 25.548s)
picvec stage source-supported-paint-merge: 3.602s (total 13.525s)
picvec stage exact-paint-merge: 0.012s (total 13.537s)
picvec stage exact-paint-merge: 0.019s (total 25.567s)
picvec stage layered-paint-simplification: 0.025s (total 13.562s)
picvec stage residual-shape-refinement: 0.014s (total 13.576s)
picvec stage layered-paint-simplification: 0.149s (total 10.073s)
picvec stage residual-shape-refinement: 0.155s (total 10.228s)
picvec stage layered-paint-simplification: 0.471s (total 26.038s)
picvec layered merge candidates: considered 1788, evidence 1464, seam 64, layered 53, nonfinite 0, face 136, combined 81, accepted 43
picvec stage source-supported-paint-merge: 4.087s (total 21.038s)
picvec stage exact-paint-merge: 0.016s (total 21.053s)
picvec stage interior-shading: 0.706s (total 10.934s)
picvec stage face-alpha: 0.004s (total 10.938s)
picvec stage hierarchical-topology: 0.002s (total 10.940s)
picvec stage interior-shading: 1.114s (total 14.690s)
picvec stage face-alpha: 0.004s (total 14.694s)
picvec stage hierarchical-topology: 0.001s (total 14.695s)
picvec stage residual-shape-refinement: 0.694s (total 26.732s)
picvec stage shared-geometry: 4.908s (total 19.864s)
picvec stage paint-preview: 0.024s (total 19.888s)
picvec structural substage ownership: 0.120s
picvec structural substage outline-proposals: 0.000s
picvec structural substage outline-validation: 0.000s
picvec structural substage colour-patches: 0.078s
picvec stage structural-selection: 0.198s (total 20.087s)
picvec stage paint-order-validation: 0.304s (total 20.391s)
picvec stage interior-shading: 1.878s (total 21.460s)
picvec stage face-alpha: 0.006s (total 21.466s)
picvec stage hierarchical-topology: 0.002s (total 21.468s)
picvec stage covered-hole-simplification: 0.339s (total 20.730s)
picvec stage final-svg: 0.071s (total 20.801s)
picvec stage layered-paint-simplification: 1.777s (total 22.831s)
picvec paint substage initial: 3.582s (primary solid 0, gain-bound solid 240, low-range solid 4, model search 476)
picvec adaptive evaluated 2596 2538 601 782: baseline=PerceptualScore { mean_delta_e: 5.0865417, p90_delta_e: 14.652407, missing_edge_fraction: 0.7842865, combined: 10.502766 } refined=PerceptualScore { mean_delta_e: 1.9245104, p90_delta_e: 3.6627429, missing_edge_fraction: 0.3525819, combined: 3.3888724 } boundary_matches=true bytes=773013
picvec adaptive processing: source 1799 106 566 710, processing 566 710
picvec stage load-resize: 0.000s (total 0.000s)
picvec stage residual-shape-refinement: 1.265s (total 24.095s)
picvec stage edge-roles: 0.951s (total 0.951s)
picvec stage structural-analysis: 0.327s (total 1.278s)
picvec stage interior-shading: 3.324s (total 30.056s)
picvec stage face-alpha: 0.007s (total 30.063s)
picvec stage hierarchical-topology: 0.003s (total 30.066s)
picvec stage perceptual-smoothing: 0.642s (total 1.920s)
picvec stage shared-geometry: 7.771s (total 26.344s)
picvec segmentation substage setup: 0.028s
picvec stage paint-preview: 0.036s (total 26.380s)
picvec segmentation substage palette: 0.069s (14229 histogram cells, 948 colours)
picvec segmentation substage initial-components: 0.008s
picvec stage shared-geometry: 6.852s (total 17.343s)
picvec segmentation substage small-components: 0.067s
picvec stage paint-preview: 0.025s (total 17.368s)
picvec segmentation substage compact: 0.006s
picvec segmentation substage antialias: 0.107s
picvec segmentation substage finalize: 0.042s (total 0.327s)
picvec structural substage ownership: 0.293s
picvec structural substage ownership: 0.177s
picvec structural substage outline-proposals: 0.102s
picvec structural substage outline-validation: 0.072s
picvec structural substage outline-proposals: 0.182s
picvec structural substage outline-validation: 0.063s
picvec structural substage colour-patches: 0.096s
picvec stage structural-selection: 0.590s (total 26.970s)
picvec structural substage colour-patches: 0.065s
picvec stage structural-selection: 0.487s (total 17.855s)
picvec stage segmentation: 0.666s (total 2.586s)
picvec stage boundary-regularization: 0.146s (total 2.731s)
picvec stage paint-order-validation: 0.243s (total 18.099s)
picvec paint substage harmonize: 3.364s
picvec stage paint-aware-merge: 0.504s (total 3.236s)
picvec stage covered-hole-simplification: 0.412s (total 18.511s)
picvec stage final-svg: 0.067s (total 18.578s)
picvec paint substage couple: 0.244s
picvec stage paint-fitting: 7.272s (total 14.020s)
picvec stage paint-order-validation: 0.779s (total 27.749s)
picvec stage thin-paint-ownership: 0.138s (total 3.374s)
picvec stage shared-geometry: 5.800s (total 16.741s)
picvec stage paint-preview: 0.027s (total 16.768s)
picvec stage interior-shading: 3.123s (total 27.218s)
picvec stage face-alpha: 0.018s (total 27.236s)
picvec stage hierarchical-topology: 0.002s (total 27.239s)
picvec structural substage ownership: 0.165s
picvec structural substage outline-proposals: 0.066s
picvec structural substage outline-validation: 0.057s
picvec structural substage colour-patches: 0.077s
picvec stage structural-selection: 0.365s (total 17.133s)
picvec stage covered-hole-simplification: 1.082s (total 28.831s)
picvec stage final-svg: 0.160s (total 28.991s)
picvec stage covered-hole-simplification: 0.733s (total 17.866s)
picvec stage final-svg: 0.104s (total 17.970s)
picvec stage shared-geometry: 6.994s (total 21.689s)
picvec stage paint-preview: 0.032s (total 21.721s)
picvec stage paint-topology-preservation: 1.918s (total 5.292s)
picvec paint substage setup: 0.027s
picvec stage shared-geometry: 6.495s (total 27.963s)
picvec stage paint-preview: 0.048s (total 28.011s)
picvec structural substage ownership: 0.224s
picvec structural substage outline-proposals: 0.001s
picvec structural substage outline-validation: 0.000s
picvec adaptive evaluated 995 3319 518 690: baseline=PerceptualScore { mean_delta_e: 3.2630596, p90_delta_e: 9.076787, missing_edge_fraction: 0.7469304, combined: 7.339883 } refined=PerceptualScore { mean_delta_e: 1.2830933, p90_delta_e: 1.6185126, missing_edge_fraction: 0.36630288, combined: 2.3237057 } boundary_matches=true bytes=331901
picvec adaptive processing: source 77 2574 700 709, processing 700 709
picvec stage load-resize: 0.000s (total 0.000s)
picvec structural substage colour-patches: 0.091s
picvec stage structural-selection: 0.316s (total 22.037s)
picvec structural substage ownership: 0.173s
picvec structural substage outline-proposals: 0.037s
picvec structural substage outline-validation: 0.087s
picvec stage paint-order-validation: 0.246s (total 22.283s)
picvec structural substage colour-patches: 0.111s
picvec stage structural-selection: 0.408s (total 28.419s)
picvec stage covered-hole-simplification: 0.439s (total 22.721s)
picvec stage final-svg: 0.080s (total 22.801s)
picvec stage paint-order-validation: 0.666s (total 29.085s)
picvec paint substage initial: 1.225s (primary solid 0, gain-bound solid 82, low-range solid 12, model search 234)
picvec adaptive evaluated 165 114 548 694: baseline=PerceptualScore { mean_delta_e: 3.088311, p90_delta_e: 9.4304085, missing_edge_fraction: 0.62247837, combined: 7.0293384 } refined=PerceptualScore { mean_delta_e: 0.8990537, p90_delta_e: 1.7352393, missing_edge_fraction: 0.31340057, combined: 2.0388715 } boundary_matches=true bytes=234899
picvec adaptive processing: source 3373 2582 709 729, processing 709 729
picvec stage load-resize: 0.001s (total 0.001s)
picvec stage edge-roles: 1.218s (total 1.219s)
picvec stage structural-analysis: 0.616s (total 1.835s)
picvec stage covered-hole-simplification: 0.886s (total 29.971s)
picvec stage final-svg: 0.103s (total 30.075s)
picvec layered merge candidates: considered 1856, evidence 1545, seam 84, layered 60, nonfinite 0, face 123, combined 71, accepted 33
picvec stage source-supported-paint-merge: 4.454s (total 18.474s)
picvec stage exact-paint-merge: 0.014s (total 18.488s)
picvec stage edge-roles: 1.315s (total 1.315s)
picvec paint substage harmonize: 1.447s
picvec stage perceptual-smoothing: 0.800s (total 2.635s)
picvec paint substage couple: 0.112s
picvec stage paint-fitting: 2.855s (total 8.147s)
picvec segmentation substage setup: 0.034s
picvec segmentation substage palette: 0.091s (18019 histogram cells, 954 colours)
picvec segmentation substage initial-components: 0.014s
picvec segmentation substage small-components: 0.121s
picvec segmentation substage compact: 0.011s
picvec segmentation substage antialias: 0.133s
picvec segmentation substage finalize: 0.046s (total 0.451s)
picvec stage structural-analysis: 0.708s (total 2.023s)
picvec stage layered-paint-simplification: 0.922s (total 19.410s)
picvec stage segmentation: 1.016s (total 3.651s)
picvec adaptive evaluated 3463 114 553 694: baseline=PerceptualScore { mean_delta_e: 3.569568, p90_delta_e: 9.279533, missing_edge_fraction: 0.7567717, combined: 7.588434 } refined=PerceptualScore { mean_delta_e: 1.0160459, p90_delta_e: 1.8752949, missing_edge_fraction: 0.39800996, combined: 2.4013684 } boundary_matches=true bytes=303721
picvec adaptive processing: source 3383 4082 661 730, processing 661 730
picvec stage load-resize: 0.001s (total 0.001s)
picvec stage boundary-regularization: 0.188s (total 3.839s)
picvec stage shared-geometry: 8.024s (total 38.089s)
picvec stage perceptual-smoothing: 0.822s (total 2.845s)
picvec segmentation substage setup: 0.036s
picvec stage paint-preview: 0.069s (total 38.158s)
picvec segmentation substage palette: 0.070s (16729 histogram cells, 897 colours)
picvec segmentation substage initial-components: 0.013s
picvec stage paint-aware-merge: 0.353s (total 4.192s)
picvec adaptive evaluated 3403 912 685 668: baseline=PerceptualScore { mean_delta_e: 3.1897044, p90_delta_e: 9.524302, missing_edge_fraction: 0.74477863, combined: 7.4794235 } refined=PerceptualScore { mean_delta_e: 1.2092404, p90_delta_e: 2.0901978, missing_edge_fraction: 0.30075186, combined: 2.2824929 } boundary_matches=true bytes=356387
picvec adaptive processing: source 917 900 697 690, processing 697 690
picvec stage load-resize: 0.001s (total 0.001s)
picvec segmentation substage small-components: 0.111s
picvec segmentation substage compact: 0.014s
picvec structural substage ownership: 0.235s
picvec structural substage outline-proposals: 0.004s
picvec structural substage outline-validation: 0.000s
picvec stage residual-shape-refinement: 1.142s (total 20.552s)
picvec segmentation substage antialias: 0.152s
picvec segmentation substage finalize: 0.048s (total 0.444s)
picvec structural substage colour-patches: 0.159s
picvec stage structural-selection: 0.398s (total 38.556s)
picvec stage thin-paint-ownership: 0.384s (total 4.576s)
picvec adaptive evaluated 987 114 544 694: baseline=PerceptualScore { mean_delta_e: 3.0235484, p90_delta_e: 7.910226, missing_edge_fraction: 0.7413793, combined: 6.748825 } refined=PerceptualScore { mean_delta_e: 1.2376082, p90_delta_e: 2.2567863, missing_edge_fraction: 0.44043887, combined: 2.7809548 } boundary_matches=true bytes=259262
picvec adaptive processing: source 1746 4129 643 690, processing 643 690
picvec stage load-resize: 0.000s (total 0.000s)
picvec stage segmentation: 0.799s (total 3.645s)
picvec stage paint-order-validation: 0.426s (total 38.983s)
picvec stage edge-roles: 1.226s (total 1.227s)
picvec stage boundary-regularization: 0.183s (total 3.828s)
picvec stage edge-roles: 1.153s (total 1.154s)
picvec stage structural-analysis: 0.562s (total 1.789s)
picvec stage paint-aware-merge: 0.560s (total 4.388s)
picvec stage structural-analysis: 0.299s (total 1.453s)
picvec stage thin-paint-ownership: 0.193s (total 4.582s)
picvec stage edge-roles: 1.107s (total 1.108s)
picvec stage structural-analysis: 0.342s (total 1.450s)
picvec stage paint-topology-preservation: 1.730s (total 6.306s)
picvec paint substage setup: 0.033s
picvec stage perceptual-smoothing: 0.788s (total 2.577s)
picvec segmentation substage setup: 0.033s
picvec stage covered-hole-simplification: 1.501s (total 40.483s)
picvec segmentation substage palette: 0.067s (18427 histogram cells, 876 colours)
picvec segmentation substage initial-components: 0.015s
picvec stage perceptual-smoothing: 0.808s (total 2.261s)
picvec segmentation substage setup: 0.036s
picvec stage final-svg: 0.137s (total 40.621s)
picvec segmentation substage small-components: 0.127s
picvec segmentation substage compact: 0.011s
picvec segmentation substage palette: 0.075s (14468 histogram cells, 861 colours)
picvec segmentation substage initial-components: 0.016s
picvec adaptive evaluated 2539 4106 681 707: baseline=PerceptualScore { mean_delta_e: 3.4259088, p90_delta_e: 9.904074, missing_edge_fraction: 0.78804564, combined: 7.867425 } refined=PerceptualScore { mean_delta_e: 1.2273322, p90_delta_e: 2.1902995, missing_edge_fraction: 0.35666534, combined: 2.4984155 } boundary_matches=true bytes=510375
picvec adaptive processing: source 63 3315 710 692, processing 710 692
picvec stage load-resize: 0.000s (total 0.000s)
picvec segmentation substage small-components: 0.073s
picvec segmentation substage compact: 0.012s
picvec segmentation substage antialias: 0.166s
picvec segmentation substage finalize: 0.051s (total 0.470s)
picvec segmentation substage antialias: 0.163s
picvec stage perceptual-smoothing: 0.719s (total 2.169s)
picvec segmentation substage finalize: 0.048s (total 0.423s)
picvec segmentation substage setup: 0.032s
picvec segmentation substage palette: 0.070s (13276 histogram cells, 676 colours)
picvec segmentation substage initial-components: 0.013s
picvec stage interior-shading: 2.708s (total 23.260s)
picvec stage face-alpha: 0.015s (total 23.275s)
picvec stage hierarchical-topology: 0.002s (total 23.277s)
picvec segmentation substage small-components: 0.072s
picvec segmentation substage compact: 0.006s
picvec segmentation substage antialias: 0.106s
picvec segmentation substage finalize: 0.045s (total 0.343s)
picvec stage segmentation: 0.801s (total 3.062s)
picvec stage segmentation: 0.986s (total 3.563s)
picvec stage boundary-regularization: 0.188s (total 3.250s)
picvec stage boundary-regularization: 0.189s (total 3.752s)
picvec stage segmentation: 0.671s (total 2.840s)
picvec stage boundary-regularization: 0.164s (total 3.004s)
picvec stage shared-geometry: 9.474s (total 36.713s)
picvec stage paint-preview: 0.061s (total 36.774s)
picvec stage edge-roles: 1.319s (total 1.320s)
picvec stage paint-aware-merge: 0.305s (total 3.308s)
picvec stage paint-aware-merge: 0.529s (total 4.281s)
picvec stage paint-aware-merge: 0.581s (total 3.831s)
picvec structural substage ownership: 0.221s
picvec structural substage outline-proposals: 0.091s
picvec stage paint-topology-preservation: 2.454s (total 7.035s)
picvec paint substage initial: 1.894s (primary solid 0, gain-bound solid 222, low-range solid 3, model search 373)
picvec stage thin-paint-ownership: 0.178s (total 3.487s)
picvec stage thin-paint-ownership: 0.173s (total 4.004s)
picvec paint substage setup: 0.035s
picvec stage thin-paint-ownership: 0.258s (total 4.539s)
picvec structural substage outline-validation: 0.131s
picvec stage structural-analysis: 0.410s (total 1.730s)
picvec structural substage colour-patches: 0.171s
picvec stage structural-selection: 0.614s (total 37.388s)
picvec layered merge candidates: considered 850, evidence 684, seam 34, layered 32, nonfinite 0, face 67, combined 45, accepted 20
picvec stage source-supported-paint-merge: 6.031s (total 14.178s)
picvec stage exact-paint-merge: 0.011s (total 14.189s)
picvec stage layered-paint-simplification: 0.111s (total 14.300s)
picvec stage residual-shape-refinement: 0.074s (total 14.374s)
picvec stage paint-order-validation: 0.465s (total 37.853s)
picvec stage perceptual-smoothing: 0.837s (total 2.567s)
picvec segmentation substage setup: 0.029s
picvec segmentation substage palette: 0.113s (23800 histogram cells, 1117 colours)
picvec segmentation substage initial-components: 0.021s
picvec stage paint-topology-preservation: 1.339s (total 4.826s)
picvec paint substage setup: 0.030s
picvec segmentation substage small-components: 0.198s
picvec segmentation substage compact: 0.015s
picvec stage interior-shading: 0.868s (total 15.242s)
picvec stage face-alpha: 0.004s (total 15.246s)
picvec stage hierarchical-topology: 0.001s (total 15.247s)
picvec segmentation substage antialias: 0.170s
picvec segmentation substage finalize: 0.047s (total 0.595s)
picvec stage paint-topology-preservation: 1.817s (total 6.356s)
picvec stage paint-topology-preservation: 1.907s (total 5.911s)
picvec paint substage setup: 0.032s
picvec paint substage setup: 0.033s
picvec stage covered-hole-simplification: 1.230s (total 39.083s)
picvec stage segmentation: 1.117s (total 3.684s)
picvec stage final-svg: 0.171s (total 39.254s)
picvec paint substage initial: 2.243s (primary solid 0, gain-bound solid 63, low-range solid 6, model search 325)
picvec stage boundary-regularization: 0.189s (total 3.873s)
picvec paint substage initial: 1.345s (primary solid 0, gain-bound solid 57, low-range solid 5, model search 220)
picvec paint substage harmonize: 2.907s
picvec paint substage couple: 0.163s
picvec stage paint-fitting: 5.043s (total 11.350s)
picvec stage paint-aware-merge: 0.886s (total 4.759s)
picvec stage thin-paint-ownership: 0.240s (total 4.999s)
picvec paint substage initial: 1.553s (primary solid 0, gain-bound solid 62, low-range solid 10, model search 288)
picvec paint substage harmonize: 1.184s
picvec paint substage couple: 0.109s
picvec stage paint-fitting: 2.713s (total 7.539s)
picvec paint substage initial: 2.356s (primary solid 0, gain-bound solid 102, low-range solid 9, model search 383)
picvec stage shared-geometry: 5.785s (total 29.062s)
picvec stage paint-preview: 0.064s (total 29.126s)
picvec structural substage ownership: 0.178s
picvec structural substage outline-proposals: 0.003s
picvec structural substage outline-validation: 0.000s
picvec paint substage harmonize: 2.570s
picvec paint substage couple: 0.082s
picvec stage paint-fitting: 4.985s (total 12.020s)
picvec structural substage colour-patches: 0.156s
picvec stage structural-selection: 0.337s (total 29.463s)
picvec stage paint-order-validation: 0.440s (total 29.903s)
picvec stage paint-topology-preservation: 2.391s (total 7.391s)
picvec paint substage setup: 0.033s
picvec adaptive evaluated 84 4089 690 725: baseline=PerceptualScore { mean_delta_e: 3.8221424, p90_delta_e: 10.867838, missing_edge_fraction: 0.7006117, combined: 8.168934 } refined=PerceptualScore { mean_delta_e: 1.3806785, p90_delta_e: 2.8112571, missing_edge_fraction: 0.32385752, combined: 2.7173808 } boundary_matches=true bytes=614735
picvec adaptive processing: source 1740 3316 650 697, processing 650 697
picvec stage load-resize: 0.001s (total 0.001s)
picvec paint substage harmonize: 1.771s
picvec stage covered-hole-simplification: 0.700s (total 30.602s)
picvec paint substage couple: 0.159s
picvec stage paint-fitting: 4.369s (total 10.726s)
picvec stage final-svg: 0.116s (total 30.718s)
picvec layered merge candidates: considered 1462, evidence 1247, seam 24, layered 40, nonfinite 0, face 82, combined 75, accepted 34
picvec stage source-supported-paint-merge: 3.431s (total 14.780s)
picvec stage exact-paint-merge: 0.015s (total 14.795s)
picvec stage layered-paint-simplification: 0.066s (total 14.862s)
picvec stage residual-shape-refinement: 0.016s (total 14.878s)
picvec stage edge-roles: 1.130s (total 1.130s)
picvec stage shared-geometry: 6.168s (total 21.416s)
picvec stage structural-analysis: 0.507s (total 1.637s)
picvec stage paint-preview: 0.032s (total 21.448s)
picvec paint substage harmonize: 4.191s
picvec paint substage couple: 0.063s
picvec stage paint-fitting: 5.899s (total 11.810s)
picvec structural substage ownership: 0.170s
picvec structural substage outline-proposals: 0.002s
picvec structural substage outline-validation: 0.000s
picvec structural substage colour-patches: 0.084s
picvec stage structural-selection: 0.256s (total 21.704s)
picvec layered merge candidates: considered 738, evidence 634, seam 16, layered 14, nonfinite 0, face 28, combined 44, accepted 16
picvec stage source-supported-paint-merge: 3.978s (total 11.517s)
picvec stage exact-paint-merge: 0.013s (total 11.530s)
picvec stage layered-paint-simplification: 0.115s (total 11.645s)
picvec layered merge candidates: considered 1097, evidence 910, seam 41, layered 35, nonfinite 0, face 62, combined 60, accepted 24
picvec stage source-supported-paint-merge: 3.380s (total 15.401s)
picvec stage exact-paint-merge: 0.012s (total 15.412s)
picvec stage residual-shape-refinement: 0.245s (total 11.890s)
picvec stage interior-shading: 1.828s (total 16.706s)
picvec stage face-alpha: 0.018s (total 16.724s)
picvec stage hierarchical-topology: 0.002s (total 16.726s)
picvec stage perceptual-smoothing: 0.834s (total 2.472s)
picvec segmentation substage setup: 0.030s
picvec segmentation substage palette: 0.064s (14764 histogram cells, 680 colours)
picvec stage covered-hole-simplification: 0.664s (total 22.368s)
picvec segmentation substage initial-components: 0.018s
picvec stage final-svg: 0.074s (total 22.442s)
picvec segmentation substage small-components: 0.124s
picvec segmentation substage compact: 0.009s
picvec stage layered-paint-simplification: 0.455s (total 15.867s)
picvec segmentation substage antialias: 0.146s
picvec segmentation substage finalize: 0.038s (total 0.429s)
picvec layered merge candidates: considered 1341, evidence 1145, seam 27, layered 26, nonfinite 0, face 50, combined 83, accepted 36
picvec stage source-supported-paint-merge: 2.918s (total 13.643s)
picvec stage exact-paint-merge: 0.017s (total 13.661s)
picvec stage residual-shape-refinement: 0.459s (total 16.326s)
picvec stage interior-shading: 0.977s (total 12.867s)
picvec stage face-alpha: 0.005s (total 12.872s)
picvec stage hierarchical-topology: 0.002s (total 12.874s)
picvec stage segmentation: 0.894s (total 3.366s)
picvec stage boundary-regularization: 0.173s (total 3.539s)
picvec paint substage initial: 3.870s (primary solid 0, gain-bound solid 331, low-range solid 12, model search 608)
picvec stage paint-aware-merge: 0.389s (total 3.928s)
picvec stage thin-paint-ownership: 0.258s (total 4.186s)
picvec stage interior-shading: 1.729s (total 18.055s)
picvec stage face-alpha: 0.015s (total 18.070s)
picvec stage hierarchical-topology: 0.003s (total 18.073s)
picvec stage layered-paint-simplification: 2.939s (total 16.599s)
picvec stage paint-topology-preservation: 1.908s (total 6.094s)
picvec paint substage setup: 0.030s
picvec stage residual-shape-refinement: 0.291s (total 16.891s)
picvec layered merge candidates: considered 977, evidence 781, seam 27, layered 33, nonfinite 0, face 91, combined 56, accepted 22
picvec stage source-supported-paint-merge: 5.677s (total 17.487s)
picvec stage exact-paint-merge: 0.015s (total 17.502s)
picvec adaptive evaluated 160 1686 558 760: baseline=PerceptualScore { mean_delta_e: 3.783501, p90_delta_e: 10.782241, missing_edge_fraction: 0.8159824, combined: 8.463419 } refined=PerceptualScore { mean_delta_e: 1.3155341, p90_delta_e: 2.5653124, missing_edge_fraction: 0.38929617, combined: 2.7860038 } boundary_matches=true bytes=607334
picvec adaptive processing: source 967 2544 580 732, processing 580 732
picvec stage load-resize: 0.000s (total 0.000s)
picvec stage layered-paint-simplification: 0.053s (total 17.556s)
picvec stage residual-shape-refinement: 0.018s (total 17.573s)
picvec paint substage initial: 1.919s (primary solid 0, gain-bound solid 158, low-range solid 8, model search 308)
picvec stage interior-shading: 2.000s (total 18.891s)
picvec stage face-alpha: 0.006s (total 18.897s)
picvec stage hierarchical-topology: 0.002s (total 18.900s)
picvec stage edge-roles: 1.255s (total 1.256s)
picvec stage shared-geometry: 6.686s (total 23.412s)
picvec stage structural-analysis: 0.413s (total 1.668s)
picvec stage paint-preview: 0.035s (total 23.447s)
picvec stage interior-shading: 1.648s (total 19.222s)
picvec stage face-alpha: 0.006s (total 19.227s)
picvec stage hierarchical-topology: 0.002s (total 19.230s)
picvec structural substage ownership: 0.309s
picvec paint substage harmonize: 5.974s
picvec stage perceptual-smoothing: 0.762s (total 2.430s)
picvec structural substage outline-proposals: 0.448s
picvec segmentation substage setup: 0.030s
picvec adaptive evaluated 1807 114 550 694: baseline=PerceptualScore { mean_delta_e: 3.2021854, p90_delta_e: 7.6787443, missing_edge_fraction: 0.7649667, combined: 6.8073816 } refined=PerceptualScore { mean_delta_e: 1.4011103, p90_delta_e: 2.5084872, missing_edge_fraction: 0.37176645, combined: 2.749194 } boundary_matches=true bytes=230196
picvec adaptive processing: source 2521 3384 733 556, processing 733 556
picvec stage load-resize: 0.000s (total 0.000s)
picvec segmentation substage palette: 0.087s (18745 histogram cells, 964 colours)
picvec structural substage outline-validation: 0.100s
picvec segmentation substage initial-components: 0.015s
picvec paint substage couple: 0.335s
picvec stage paint-fitting: 10.284s (total 17.675s)
picvec segmentation substage small-components: 0.116s
picvec structural substage colour-patches: 0.130s
picvec stage structural-selection: 0.987s (total 24.433s)
picvec segmentation substage compact: 0.013s
picvec paint substage harmonize: 2.058s
picvec segmentation substage antialias: 0.133s
picvec paint substage couple: 0.154s
picvec stage paint-fitting: 4.209s (total 10.303s)
picvec segmentation substage finalize: 0.041s (total 0.436s)
picvec stage segmentation: 0.911s (total 3.341s)
picvec stage boundary-regularization: 0.170s (total 3.511s)
picvec stage shared-geometry: 7.701s (total 20.575s)
picvec stage edge-roles: 1.082s (total 1.083s)
picvec stage paint-preview: 0.020s (total 20.594s)
picvec structural substage ownership: 0.181s
picvec structural substage outline-proposals: 0.001s
picvec structural substage outline-validation: 0.000s
picvec stage paint-order-validation: 1.161s (total 25.595s)
picvec structural substage colour-patches: 0.069s
picvec stage structural-selection: 0.251s (total 20.846s)
picvec stage paint-aware-merge: 0.379s (total 3.891s)
picvec stage structural-analysis: 0.333s (total 1.415s)
picvec stage thin-paint-ownership: 0.281s (total 4.171s)
picvec stage paint-order-validation: 0.354s (total 21.200s)
picvec stage covered-hole-simplification: 0.400s (total 21.599s)
picvec stage perceptual-smoothing: 0.735s (total 2.150s)
picvec segmentation substage setup: 0.031s
picvec stage final-svg: 0.108s (total 21.707s)
picvec segmentation substage palette: 0.068s (16211 histogram cells, 979 colours)
picvec segmentation substage initial-components: 0.011s
picvec segmentation substage small-components: 0.123s
picvec segmentation substage compact: 0.008s
picvec segmentation substage antialias: 0.109s
picvec segmentation substage finalize: 0.038s (total 0.388s)
picvec stage covered-hole-simplification: 1.313s (total 26.908s)
picvec stage segmentation: 1.046s (total 3.196s)
picvec layered merge candidates: considered 1211, evidence 1029, seam 55, layered 24, nonfinite 0, face 61, combined 47, accepted 19
picvec stage source-supported-paint-merge: 2.911s (total 13.214s)
picvec stage exact-paint-merge: 0.012s (total 13.225s)
picvec stage boundary-regularization: 0.152s (total 3.349s)
picvec stage shared-geometry: 8.359s (total 26.432s)
picvec stage paint-preview: 0.043s (total 26.475s)
picvec structural substage ownership: 0.198s
picvec structural substage outline-proposals: 0.003s
picvec structural substage outline-validation: 0.000s
picvec structural substage colour-patches: 0.096s
picvec stage structural-selection: 0.312s (total 26.787s)
picvec stage paint-aware-merge: 0.473s (total 3.821s)
picvec stage paint-topology-preservation: 2.173s (total 6.345s)
picvec paint substage setup: 0.031s
picvec stage thin-paint-ownership: 0.168s (total 3.989s)
picvec stage paint-order-validation: 0.370s (total 27.156s)
picvec adaptive evaluated 881 1726 743 704: baseline=PerceptualScore { mean_delta_e: 3.7926443, p90_delta_e: 11.266157, missing_edge_fraction: 0.75666666, combined: 8.483152 } refined=PerceptualScore { mean_delta_e: 1.3709412, p90_delta_e: 2.6998894, missing_edge_fraction: 0.38060606, combined: 2.8386974 } boundary_matches=true bytes=690864
picvec stage covered-hole-simplification: 0.513s (total 27.670s)
picvec stage final-svg: 0.087s (total 27.757s)
picvec stage shared-geometry: 6.544s (total 25.444s)
picvec stage final-svg: 2.335s (total 29.242s)
picvec stage paint-preview: 0.039s (total 25.483s)
picvec structural substage ownership: 0.198s
picvec structural substage outline-proposals: 0.004s
picvec structural substage outline-validation: 0.078s
picvec structural substage colour-patches: 0.082s
picvec stage structural-selection: 0.363s (total 25.846s)
picvec paint substage initial: 1.719s (primary solid 0, gain-bound solid 129, low-range solid 6, model search 347)
picvec stage paint-topology-preservation: 1.851s (total 5.840s)
picvec paint substage setup: 0.027s
picvec stage paint-order-validation: 0.592s (total 26.438s)
picvec stage layered-paint-simplification: 3.081s (total 16.306s)
picvec stage covered-hole-simplification: 0.504s (total 26.942s)
picvec stage final-svg: 0.122s (total 27.064s)
picvec layered merge candidates: considered 2387, evidence 1912, seam 136, layered 84, nonfinite 0, face 197, combined 111, accepted 31
picvec stage source-supported-paint-merge: 6.584s (total 24.259s)
picvec stage exact-paint-merge: 0.017s (total 24.276s)
picvec stage residual-shape-refinement: 0.524s (total 16.830s)
picvec stage layered-paint-simplification: 0.448s (total 24.724s)
picvec paint substage initial: 1.763s (primary solid 0, gain-bound solid 171, low-range solid 4, model search 330)
picvec stage shared-geometry: 8.446s (total 27.676s)
picvec stage paint-preview: 0.030s (total 27.706s)
picvec stage residual-shape-refinement: 0.625s (total 25.349s)
picvec structural substage ownership: 0.243s
picvec adaptive evaluated 1755 4138 625 672: baseline=PerceptualScore { mean_delta_e: 2.6787884, p90_delta_e: 6.1758375, missing_edge_fraction: 0.7464366, combined: 5.9150996 } refined=PerceptualScore { mean_delta_e: 1.0395025, p90_delta_e: 2.2458925, missing_edge_fraction: 0.32333082, combined: 2.3361256 } boundary_matches=true bytes=194904
picvec structural substage outline-proposals: 0.272s
picvec paint substage harmonize: 2.562s
picvec structural substage outline-validation: 0.069s
picvec structural substage colour-patches: 0.095s
picvec stage structural-selection: 0.679s (total 28.385s)
picvec stage interior-shading: 1.521s (total 18.351s)
picvec stage face-alpha: 0.005s (total 18.356s)
picvec stage hierarchical-topology: 0.002s (total 18.358s)
picvec paint substage couple: 1.147s
picvec stage paint-fitting: 5.542s (total 11.887s)
picvec adaptive evaluated 3393 4092 641 710: baseline=PerceptualScore { mean_delta_e: 3.1964686, p90_delta_e: 8.003596, missing_edge_fraction: 0.7984072, combined: 7.0350714 } refined=PerceptualScore { mean_delta_e: 1.2535073, p90_delta_e: 2.420066, missing_edge_fraction: 0.3031359, combined: 2.4415126 } boundary_matches=true bytes=377408
picvec stage paint-order-validation: 1.103s (total 29.488s)
picvec paint substage harmonize: 1.822s
picvec paint substage couple: 0.080s
picvec stage paint-fitting: 3.736s (total 9.576s)
picvec stage covered-hole-simplification: 0.502s (total 29.990s)
picvec stage final-svg: 0.283s (total 30.273s)
picvec adaptive evaluated 3383 2592 689 709: baseline=PerceptualScore { mean_delta_e: 3.1350896, p90_delta_e: 8.804575, missing_edge_fraction: 0.68324965, combined: 6.9823694 } refined=PerceptualScore { mean_delta_e: 1.0682371, p90_delta_e: 1.7432821, missing_edge_fraction: 0.2788681, combined: 2.0146239 } boundary_matches=true bytes=348900
picvec adaptive evaluated 87 2584 680 689: baseline=PerceptualScore { mean_delta_e: 2.8735836, p90_delta_e: 8.46096, missing_edge_fraction: 0.7876683, combined: 7.0405016 } refined=PerceptualScore { mean_delta_e: 1.0308087, p90_delta_e: 2.0499508, missing_edge_fraction: 0.3260964, combined: 2.2621334 } boundary_matches=true bytes=402865
picvec stage interior-shading: 3.879s (total 29.227s)
picvec stage face-alpha: 0.006s (total 29.233s)
picvec stage hierarchical-topology: 0.002s (total 29.235s)
picvec stage shared-geometry: 3.840s (total 22.198s)
picvec stage paint-preview: 0.020s (total 22.218s)
picvec structural substage ownership: 0.048s
picvec structural substage outline-proposals: 0.484s
picvec structural substage outline-validation: 0.061s
picvec layered merge candidates: considered 1282, evidence 1036, seam 70, layered 37, nonfinite 0, face 82, combined 76, accepted 18
picvec structural substage colour-patches: 0.084s
picvec stage structural-selection: 0.677s (total 22.895s)
picvec stage source-supported-paint-merge: 3.388s (total 12.964s)
picvec stage exact-paint-merge: 0.009s (total 12.973s)
picvec stage layered-paint-simplification: 0.037s (total 13.009s)
picvec stage residual-shape-refinement: 0.073s (total 13.082s)
picvec stage paint-order-validation: 0.491s (total 23.386s)
picvec stage covered-hole-simplification: 0.412s (total 23.798s)
picvec layered merge candidates: considered 1325, evidence 1039, seam 29, layered 51, nonfinite 0, face 112, combined 114, accepted 31
picvec stage source-supported-paint-merge: 4.606s (total 16.493s)
picvec stage final-svg: 0.143s (total 23.941s)
picvec stage exact-paint-merge: 0.010s (total 16.504s)
picvec stage interior-shading: 1.088s (total 14.170s)
picvec stage face-alpha: 0.003s (total 14.174s)
picvec stage hierarchical-topology: 0.001s (total 14.175s)
picvec stage shared-geometry: 3.433s (total 32.668s)
picvec stage paint-preview: 0.058s (total 32.725s)
picvec stage layered-paint-simplification: 1.195s (total 17.698s)
picvec stage residual-shape-refinement: 0.061s (total 17.760s)
picvec structural substage ownership: 0.104s
picvec structural substage outline-proposals: 0.153s
picvec structural substage outline-validation: 0.113s
picvec structural substage colour-patches: 0.113s
picvec stage structural-selection: 0.483s (total 33.209s)
picvec stage paint-order-validation: 0.290s (total 33.499s)
picvec stage covered-hole-simplification: 0.236s (total 33.735s)
picvec stage final-svg: 0.131s (total 33.866s)
picvec stage shared-geometry: 2.735s (total 16.910s)
picvec stage paint-preview: 0.025s (total 16.935s)
picvec stage interior-shading: 1.730s (total 19.490s)
picvec stage face-alpha: 0.010s (total 19.500s)
picvec structural substage ownership: 0.071s
picvec stage hierarchical-topology: 0.001s (total 19.501s)
picvec structural substage outline-proposals: 0.053s
picvec structural substage outline-validation: 0.051s
picvec structural substage colour-patches: 0.064s
picvec stage structural-selection: 0.239s (total 17.175s)
picvec stage paint-order-validation: 0.123s (total 17.298s)
picvec adaptive evaluated 927 910 677 670: baseline=PerceptualScore { mean_delta_e: 2.969327, p90_delta_e: 7.6357965, missing_edge_fraction: 0.70541334, combined: 6.506756 } refined=PerceptualScore { mean_delta_e: 1.0468855, p90_delta_e: 1.9492985, missing_edge_fraction: 0.29542592, combined: 2.1370957 } boundary_matches=true bytes=294068
picvec stage covered-hole-simplification: 0.107s (total 17.405s)
picvec stage final-svg: 0.019s (total 17.425s)
picvec adaptive evaluated 73 3325 690 672: baseline=PerceptualScore { mean_delta_e: 3.194566, p90_delta_e: 9.2425585, missing_edge_fraction: 0.7402773, combined: 7.35541 } refined=PerceptualScore { mean_delta_e: 1.174019, p90_delta_e: 2.3847897, missing_edge_fraction: 0.37707135, combined: 2.6134386 } boundary_matches=true bytes=739559
picvec stage shared-geometry: 3.102s (total 22.603s)
picvec stage paint-preview: 0.023s (total 22.625s)
picvec structural substage ownership: 0.061s
picvec structural substage outline-proposals: 0.044s
picvec structural substage outline-validation: 0.045s
picvec structural substage colour-patches: 0.059s
picvec stage structural-selection: 0.209s (total 22.834s)
picvec stage paint-order-validation: 0.113s (total 22.947s)
picvec stage covered-hole-simplification: 0.177s (total 23.124s)
picvec stage final-svg: 0.093s (total 23.218s)
picvec adaptive evaluated 2529 3392 717 540: baseline=PerceptualScore { mean_delta_e: 2.672192, p90_delta_e: 7.2697225, missing_edge_fraction: 0.7616, combined: 6.3951755 } refined=PerceptualScore { mean_delta_e: 0.9076316, p90_delta_e: 1.579038, missing_edge_fraction: 0.35306665, combined: 2.0992494 } boundary_matches=true bytes=383548
picvec adaptive evaluated 1749 3325 632 679: baseline=PerceptualScore { mean_delta_e: 2.4738684, p90_delta_e: 6.3624306, missing_edge_fraction: 0.8231899, combined: 6.127783 } refined=PerceptualScore { mean_delta_e: 1.0162457, p90_delta_e: 1.879786, missing_edge_fraction: 0.39559287, combined: 2.3960035 } boundary_matches=true bytes=383436
picvec adaptive evaluated 975 2552 564 716: baseline=PerceptualScore { mean_delta_e: 2.7736065, p90_delta_e: 7.428452, missing_edge_fraction: 0.716143, combined: 6.367933 } refined=PerceptualScore { mean_delta_e: 1.0733908, p90_delta_e: 1.9464643, missing_edge_fraction: 0.37919825, combined: 2.3992062 } boundary_matches=true bytes=403403
{
  "input_width": 5016,
  "input_height": 5016,
  "processing_width": 1414,
  "processing_height": 1414,
  "output": "/tmp/picvec-generic-speed/comparison/01-after/cliparts-6x6.svg",
  "elapsed_seconds": 280.141822782,
  "execution_threads": 10,
  "complexity": {
    "probe_width": 1024,
    "probe_height": 1024,
    "probe_region_count": 114186,
    "probe_region_density": 108896.26,
    "edge_density": 0.36541843,
    "normalized_region_density": 1.0,
    "normalized_edge_density": 1.0,
    "complexity": 1.0,
    "target_pixels": 2000000.0,
    "selected_dimension": 1414
  },
  "source_alpha": {
    "detected": false,
    "quantization_bits": 0,
    "mask_paths": 0,
    "removed_regions": 0
  },
  "chroma_key": {
    "enabled": true,
    "detected": true,
    "key_color": [
      1,
      255,
      0
    ],
    "border_coverage": 0.9237926,
    "removed_regions": 46
  },
  "adaptive_refinement": {
    "enabled": true,
    "source_scale": 3.5473833,
    "proposed_regions": 36,
    "candidate_regions": 36,
    "prefiltered_for_complexity": 0,
    "evaluated_regions": 36,
    "parallel_jobs": 10,
    "accepted_regions": 36,
    "rejected_for_quality": 0,
    "rejected_for_complexity": 0,
    "rejected_for_budget": 0,
    "baseline_mean_delta_e": 2.5045545,
    "refined_mean_delta_e": 0.9949002,
    "estimated_global_delta_e_reduction": 1.5096543,
    "added_svg_bytes": 16917135
  },
  "hierarchical_topology": {
    "nodes": 538721,
    "leaves": 386128,
    "unit_leaves": 239532,
    "represented_pixels": 1999396,
    "compression_ratio": 5.1780653
  },
  "edge_roles": {
    "skeleton_pixels": 123585,
    "edge_chain_count": 2860,
    "edge_chain_samples": 123376,
    "boundary_pixels": 9795,
    "ridge_role_pixels": 27139,
    "ridge_on_boundary_pixels": 83628,
    "unknown_pixels": 109,
    "visible_ridge_pixels": 6893,
    "visible_ridge_coverage_pixels": 16987,
    "dark_boundary_pixels": 161682,
    "shading_pixels": 2548,
    "face_barrier_pixels": 118775,
    "visible_ridge_graph_edges": 225,
    "visible_ridge_graph_edges_before_join": 240,
    "dark_boundary_graph_edges": 1481,
    "wide_dark_outline_graph_edges_before_join": 1644,
    "dark_boundary_candidates": 163,
    "dark_ridge_candidates": 1649,
    "dark_ridge_supported": 910,
    "profile_ridge_candidates": 1062,
    "profile_ridge_extensions": 974,
    "visible_ridge_graph_length": 4702.145,
    "visible_ridge_median_width": 2.0,
    "visible_ridge_width_weighted_length": 10553.274,
    "dark_boundary_graph_length": 43313.297,
    "dark_boundary_median_width": 2.0,
    "gradient_threshold": 1.0,
    "ridge_threshold": 0.65
  },
  "segmentation": {
    "graph_edges": 3995964,
    "coherent_domains": 2,
    "coherent_regions_removed": 5,
    "histogram_cells": 81633,
    "palette_colours": 2759,
    "initial_regions": 178489,
    "raw_regions": 18822,
    "corrected_regions": 12647,
    "regularized_regions": 6652,
    "merged_regions": 5847,
    "forced_small_region_merges": 1551716,
    "micro_region_merges": 6129,
    "micro_pixels_reassigned": 136243,
    "compatible_region_merges": 191802,
    "paint_aware_region_merge_proposals": 23,
    "paint_aware_region_merges": 23,
    "exact_paint_region_merges": 11,
    "source_supported_paint_merges": 30,
    "preserved_independent_materials": 5249,
    "antialias_pixels": 56500,
    "core_sampled_regions": 1365,
    "antialias_split_regions": 6181,
    "boundary_regularization_passes": 1,
    "boundary_regularization_moved_pixels": 4057,
    "boundary_regularization_source_edges": 98989,
    "thin_paint_examined": 4346,
    "thin_paint_protected": 417,
    "thin_paint_refined": 869,
    "thin_paint_preflight_rejected": 787,
    "thin_paint_reassigned_pixels": 6819,
    "thin_paint_removed_regions": 695,
    "adaptive_patch_candidate_faces": 161,
    "adaptive_patch_split_faces": 49,
    "adaptive_patch_added_regions": 94,
    "effective_minimum_area": 325,
    "local_minimum_area": 26,
    "local_median_area": 266,
    "local_maximum_area": 325
  },
  "structural": {
    "source_coverage_pixels": 189787,
    "source_line_pixels": 128442,
    "skeleton_pixels": 21621,
    "stroke_count": 1501,
    "underpainted_pixels": 23538,
    "antialias_unmixed_pixels": 6243,
    "silhouette_fill_count": 0,
    "residual_legacy_strokes": 576,
    "visible_ridge_strokes": 188,
    "boundary_profile_strokes": 490,
    "recovered_boundary_strokes": 5,
    "recovered_alpha_boundary_strokes": 0,
    "suppressed_ellipse_retraces": 14,
    "aligned_ellipse_strokes": 56
  },
  "ownership": {
    "structural_strokes": 1501,
    "paint_overlap": 0.3,
    "overlap_is_underpaint": false,
    "overlap_is_fill_geometry": true
  },
  "paint_order": {
    "line_regions": 44,
    "proposed_constraints": 438,
    "conflicting_constraints": 349,
    "changed_ranks": 1265,
    "accepted": true,
    "source_error_increase": -0.0005222801,
    "rejection": null
  },
  "gradients": {
    "solid_regions": 4038,
    "linear_regions": 1121,
    "radial_regions": 636,
    "layered_regions": 52,
    "overlay_layers": 109,
    "fitted_direction_linear_regions": 828,
    "fitted_focus_radial_regions": 522,
    "coupled_linear_regions": 17,
    "source_supported_paint_merges": 30,
    "source_supported_boundary_edges_removed": 871,
    "maximum_stops": 5,
    "primary_gate_active": false,
    "primary_solid_regions": 0,
    "provable_solid_regions": 3231,
    "gain_bound_solid_regions": 3198,
    "low_range_solid_regions": 33,
    "gradient_model_search_regions": 2593,
    "coherent_field_regions": 64,
    "full_fit_regions": 5824
  },
  "geometry": {
    "regions": 5847,
    "loops": 7157,
    "empty_regions": 0,
    "empty_region_pixels": 0,
    "largest_empty_region": 0,
    "source_boundary_edges": 562520,
    "shared_boundary_edges": 278432,
    "simplified_vertices": 60472,
    "cubic_segments": 51558,
    "line_segments": 2720,
    "rectangles": 0,
    "circles": 0,
    "ellipses": 0,
    "covered_holes_removed": 404,
    "shared_loop_fallbacks": 0,
    "shared_loop_missing_edges": 0,
    "shared_loop_discontinuities": 0,
    "shared_loop_invalid_areas": 0,
    "adaptive_optimal_polygons": 1572,
    "continuity_faired_masters": 11818,
    "fitted_ellipse_contours": 115,
    "fitted_bezier_contours": 115,
    "regularized_corner_excursions": 7,
    "regularized_corner_vertices": 173,
    "shared_curve_downgrades": 3
  },
  "optimization": {
    "input_regions": 5847,
    "primitive_regions": 0,
    "path_regions": 5847,
    "shared_gradient_regions": 2
  },
  "svg": {
    "objects": 29282,
    "path_subpaths": 30722,
    "path_elements": 27515,
    "rect_elements": 21,
    "circle_elements": 1,
    "ellipse_elements": 0,
    "line_elements": 1745,
    "linear_gradients": 8869,
    "radial_gradients": 6446,
    "structural_strokes": 2870,
    "structural_color_patches": 7,
    "gradient_stops": 57524,
    "linear_cubics_to_lines": 4708,
    "redundant_segments_removed": 14182,
    "arc_segments": 21282,
    "merged_arc_segments": 30,
    "paint_paths_merged": 111,
    "paint_batches": 72,
    "alpha_mask_paths": 0,
    "outline_bands": 70,
    "outline_color_patches": 359,
    "outline_paint_regions_removed": 74,
    "outline_structural_strokes_removed": 118,
    "invisible_elements_removed": 507,
    "invisible_strokes_removed": 0,
    "bytes": 22110137
  }
}
wrote /tmp/picvec-generic-speed/comparison/01-after/cliparts-6x6.svg (1414x1414, 29282 objects, 30722 subpaths, 280.142s)
