picvec stage load-resize: 0.001s (total 0.001s)
picvec stage edge-roles: 2.634s (total 2.636s)
picvec stage structural-analysis: 0.491s (total 3.126s)
picvec stage perceptual-smoothing: 0.754s (total 3.880s)
picvec segmentation substage setup: 0.031s
picvec segmentation substage palette: 0.327s (81633 histogram cells, 2759 colours)
picvec segmentation substage initial-components: 0.117s
picvec segmentation substage small-components: 1.322s
picvec segmentation substage compact: 0.037s
picvec segmentation substage antialias: 0.342s
picvec segmentation substage finalize: 0.077s (total 2.253s)
picvec stage segmentation: 2.920s (total 6.800s)
picvec stage boundary-regularization: 0.270s (total 7.070s)
picvec stage paint-aware-merge: 0.358s (total 7.428s)
picvec stage thin-paint-ownership: 0.589s (total 8.017s)
picvec stage paint-topology-preservation: 1.927s (total 9.944s)
picvec paint substage setup: 0.030s
picvec paint substage initial: 1.690s (primary solid 0, gain-bound solid 3198, low-range solid 33, model search 2593)
picvec paint substage harmonize: 0.374s
picvec paint substage couple: 0.066s
picvec stage paint-fitting: 2.265s (total 12.210s)
picvec layered merge candidates: considered 12286, evidence 11947, seam 153, layered 41, nonfinite 0, face 94, combined 62, accepted 30
picvec stage source-supported-paint-merge: 1.296s (total 13.506s)
picvec stage exact-paint-merge: 0.044s (total 13.550s)
picvec stage layered-paint-simplification: 1.117s (total 14.667s)
picvec stage residual-shape-refinement: 1.666s (total 16.333s)
picvec stage interior-shading: 1.504s (total 17.837s)
picvec stage face-alpha: 0.015s (total 17.852s)
picvec stage hierarchical-topology: 0.007s (total 17.859s)
picvec stage shared-geometry: 15.487s (total 33.346s)
picvec stage paint-preview: 0.177s (total 33.522s)
picvec structural substage ownership: 4.104s
picvec structural substage outline-proposals: 0.773s
picvec structural substage outline-validation: 0.440s
picvec structural substage colour-patches: 1.486s
picvec stage structural-selection: 6.803s (total 40.326s)
picvec stage paint-order-validation: 43.749s (total 84.074s)
picvec hole trials: 287 calls, 51 cached rejections, serialization 10.866s, validation 21.100s
picvec stage covered-hole-simplification: 58.364s (total 142.438s)
picvec visibility witnesses: 5457/7457 draws, 0.272s
picvec visibility slow omission: draw 4785, 1 tiles, unchanged false, 1.145s, bounds [593.188, 815.275, 596.265, 818.232]
picvec visibility slow omission: draw 4799, 270 tiles, unchanged false, 1.309s, bounds [180.907, 264.004, 1276.873, 1210.228]
picvec visibility proof shortcuts: 5195 visible, 131 prefix no-op
picvec stage final-svg: 4.666s (total 147.104s)
picvec adaptive candidate 4328 872 464 752: error=11.1084 model_cost=2.7915 priority=6.6486
picvec adaptive candidate 1703 904 746 675: error=10.6300 model_cost=2.7635 priority=6.3945
picvec adaptive candidate 4195 1707 725 761: error=10.7638 model_cost=3.0568 priority=6.1565
picvec adaptive candidate 1702 1716 736 732: error=10.4260 model_cost=2.8710 priority=6.1532
picvec adaptive candidate 2561 909 698 671: error=8.3605 model_cost=1.9814 priority=5.9394
picvec adaptive candidate 87 904 680 676: error=8.8815 model_cost=2.2389 priority=5.9357
picvec adaptive candidate 1772 2551 585 739: error=9.5190 model_cost=2.7076 priority=5.7850
picvec adaptive candidate 3378 3520 702 298: error=9.1594 model_cost=2.5378 priority=5.7496
picvec adaptive candidate 912 4118 700 663: error=9.1123 model_cost=2.5971 priority=5.6543
picvec adaptive candidate 4205 2590 712 681: error=8.7459 model_cost=2.4209 priority=5.6211
picvec adaptive candidate 2548 1703 732 744: error=9.3408 model_cost=2.8050 priority=5.5772
picvec adaptive candidate 4188 4125 711 685: error=8.2904 model_cost=2.2287 priority=5.5533
picvec adaptive candidate 3418 1685 609 784: error=9.8807 model_cost=3.2298 priority=5.4979
picvec adaptive candidate 2596 2538 601 782: error=10.5028 model_cost=3.8252 priority=5.3700
picvec adaptive candidate 4267 3331 576 685: error=8.3130 model_cost=2.4466 priority=5.3147
picvec adaptive candidate 4284 114 538 696: error=7.7861 model_cost=2.2078 priority=5.2401
picvec adaptive candidate 2630 114 548 694: error=7.1847 model_cost=1.9146 priority=5.1924
picvec adaptive candidate 881 1726 743 704: error=8.4832 model_cost=2.7210 priority=5.1428
picvec adaptive candidate 3403 912 685 668: error=7.4794 model_cost=2.1342 priority=5.1198
picvec adaptive candidate 84 4089 690 725: error=8.1689 model_cost=2.5476 priority=5.1180
picvec adaptive candidate 2539 4106 681 707: error=7.8674 model_cost=2.3843 priority=5.0951
picvec adaptive candidate 995 3319 518 690: error=7.3399 model_cost=2.1416 priority=5.0156
picvec adaptive candidate 3463 114 553 694: error=7.5884 model_cost=2.3112 priority=4.9915
picvec adaptive candidate 165 114 548 694: error=7.0293 model_cost=2.0331 priority=4.9299
picvec adaptive candidate 987 114 544 694: error=6.7488 model_cost=1.8865 priority=4.9136
picvec adaptive candidate 160 1686 558 760: error=8.4634 model_cost=2.9797 priority=4.9030
picvec adaptive candidate 1807 114 550 694: error=6.8074 model_cost=1.9790 priority=4.8390
picvec adaptive candidate 87 2584 680 689: error=7.0405 model_cost=2.1431 priority=4.8093
picvec adaptive candidate 3383 2592 689 709: error=6.9824 model_cost=2.1359 priority=4.7776
picvec adaptive candidate 3393 4092 641 710: error=7.0351 model_cost=2.2418 priority=4.6986
picvec adaptive candidate 927 910 677 670: error=6.5068 model_cost=2.0596 priority=4.5339
picvec adaptive candidate 1755 4138 625 672: error=5.9151 model_cost=1.7387 priority=4.4859
picvec adaptive candidate 73 3325 690 672: error=7.3554 model_cost=2.7931 priority=4.4011
picvec adaptive candidate 1749 3325 632 679: error=6.1278 model_cost=2.2295 priority=4.1039
picvec adaptive candidate 975 2552 564 716: error=6.3679 model_cost=2.5263 priority=4.0064
picvec adaptive candidate 2529 3392 717 540: error=6.3952 model_cost=2.6353 priority=3.9395
picvec adaptive processing: source 4320 864 480 768, processing 480 768
picvec adaptive processing: source 3370 3512 718 314, processing 718 314
picvec stage load-resize: 0.001s (total 0.001s)
picvec stage load-resize: 0.002s (total 0.002s)
picvec adaptive processing: source 1693 894 766 695, processing 766 695
picvec adaptive processing: source 4184 1696 747 783, processing 747 783
picvec adaptive processing: source 2551 899 718 691, processing 718 691
picvec stage load-resize: 0.001s (total 0.001s)
picvec stage load-resize: 0.001s (total 0.001s)
picvec stage load-resize: 0.001s (total 0.001s)
picvec adaptive processing: source 1691 1705 758 754, processing 758 754
picvec adaptive processing: source 77 894 700 696, processing 700 696
picvec stage load-resize: 0.001s (total 0.001s)
picvec stage load-resize: 0.001s (total 0.001s)
picvec adaptive processing: source 902 4108 720 683, processing 720 683
picvec adaptive processing: source 1763 2542 603 757, processing 603 757
picvec adaptive processing: source 4195 2580 732 701, processing 732 701
picvec stage load-resize: 0.003s (total 0.003s)
picvec stage load-resize: 0.002s (total 0.002s)
picvec stage load-resize: 0.003s (total 0.003s)
picvec stage edge-roles: 0.506s (total 0.507s)
picvec stage structural-analysis: 0.187s (total 0.694s)
picvec stage edge-roles: 0.869s (total 0.870s)
picvec stage perceptual-smoothing: 0.340s (total 1.034s)
picvec segmentation substage setup: 0.011s
picvec segmentation substage palette: 0.050s (16101 histogram cells, 978 colours)
picvec segmentation substage initial-components: 0.008s
picvec stage edge-roles: 1.108s (total 1.111s)
picvec stage edge-roles: 1.118s (total 1.119s)
picvec segmentation substage small-components: 0.069s
picvec segmentation substage compact: 0.004s
picvec stage edge-roles: 1.190s (total 1.191s)
picvec segmentation substage antialias: 0.048s
picvec stage edge-roles: 1.222s (total 1.225s)
picvec segmentation substage finalize: 0.019s (total 0.209s)
picvec stage edge-roles: 1.256s (total 1.258s)
picvec stage structural-analysis: 0.405s (total 1.275s)
picvec stage edge-roles: 1.307s (total 1.308s)
picvec stage edge-roles: 1.435s (total 1.436s)
picvec stage segmentation: 0.431s (total 1.465s)
picvec stage edge-roles: 1.486s (total 1.487s)
picvec stage boundary-regularization: 0.066s (total 1.531s)
picvec stage structural-analysis: 0.518s (total 1.629s)
picvec stage paint-aware-merge: 0.136s (total 1.667s)
picvec stage structural-analysis: 0.622s (total 1.740s)
picvec stage thin-paint-ownership: 0.087s (total 1.755s)
picvec stage structural-analysis: 0.502s (total 1.760s)
picvec stage structural-analysis: 0.672s (total 1.863s)
picvec stage perceptual-smoothing: 0.591s (total 1.866s)
picvec segmentation substage setup: 0.021s
picvec stage structural-analysis: 0.693s (total 1.918s)
picvec segmentation substage palette: 0.074s (21475 histogram cells, 1166 colours)
picvec segmentation substage initial-components: 0.015s
picvec stage structural-analysis: 0.763s (total 2.071s)
picvec segmentation substage small-components: 0.099s
picvec segmentation substage compact: 0.009s
picvec segmentation substage antialias: 0.101s
picvec segmentation substage finalize: 0.031s (total 0.351s)
picvec stage paint-topology-preservation: 0.523s (total 2.278s)
picvec stage structural-analysis: 0.845s (total 2.281s)
picvec paint substage setup: 0.014s
picvec stage structural-analysis: 0.812s (total 2.299s)
picvec stage perceptual-smoothing: 0.701s (total 2.330s)
picvec segmentation substage setup: 0.024s
picvec segmentation substage palette: 0.070s (17570 histogram cells, 767 colours)
picvec stage perceptual-smoothing: 0.701s (total 2.442s)
picvec segmentation substage initial-components: 0.022s
picvec segmentation substage setup: 0.030s
picvec stage perceptual-smoothing: 0.743s (total 2.504s)
picvec segmentation substage setup: 0.026s
picvec segmentation substage palette: 0.062s (14391 histogram cells, 778 colours)
picvec segmentation substage initial-components: 0.015s
picvec stage perceptual-smoothing: 0.743s (total 2.606s)
picvec stage segmentation: 0.742s (total 2.609s)
picvec segmentation substage small-components: 0.159s
picvec segmentation substage compact: 0.013s
picvec segmentation substage setup: 0.031s
picvec segmentation substage small-components: 0.088s
picvec segmentation substage palette: 0.108s (26144 histogram cells, 1264 colours)
picvec segmentation substage compact: 0.013s
picvec segmentation substage initial-components: 0.025s
picvec stage perceptual-smoothing: 0.768s (total 2.685s)
picvec segmentation substage setup: 0.030s
picvec segmentation substage palette: 0.087s (18279 histogram cells, 1113 colours)
picvec stage boundary-regularization: 0.131s (total 2.740s)
picvec segmentation substage initial-components: 0.022s
picvec segmentation substage antialias: 0.150s
picvec segmentation substage palette: 0.083s (17782 histogram cells, 952 colours)
picvec segmentation substage antialias: 0.155s
picvec segmentation substage finalize: 0.043s (total 0.481s)
picvec segmentation substage small-components: 0.161s
picvec segmentation substage initial-components: 0.026s
picvec segmentation substage small-components: 0.090s
picvec segmentation substage compact: 0.016s
picvec segmentation substage compact: 0.008s
picvec segmentation substage finalize: 0.041s (total 0.404s)
picvec stage perceptual-smoothing: 0.805s (total 2.875s)
picvec segmentation substage setup: 0.033s
picvec stage paint-aware-merge: 0.195s (total 2.935s)
picvec segmentation substage small-components: 0.105s
picvec segmentation substage compact: 0.018s
picvec segmentation substage antialias: 0.135s
picvec segmentation substage finalize: 0.045s (total 0.418s)
picvec segmentation substage antialias: 0.183s
picvec segmentation substage palette: 0.128s (27922 histogram cells, 1305 colours)
picvec segmentation substage initial-components: 0.024s
picvec stage thin-paint-ownership: 0.138s (total 3.073s)
picvec segmentation substage finalize: 0.046s (total 0.565s)
picvec segmentation substage antialias: 0.156s
picvec stage perceptual-smoothing: 0.880s (total 3.161s)
picvec segmentation substage finalize: 0.057s (total 0.476s)
picvec stage perceptual-smoothing: 0.886s (total 3.185s)
picvec segmentation substage setup: 0.034s
picvec segmentation substage setup: 0.038s
picvec segmentation substage small-components: 0.196s
picvec paint substage initial: 0.976s (primary solid 0, gain-bound solid 95, low-range solid 7, model search 216)
picvec segmentation substage compact: 0.014s
picvec segmentation substage palette: 0.155s (32897 histogram cells, 1592 colours)
picvec segmentation substage initial-components: 0.030s
picvec segmentation substage palette: 0.165s (37278 histogram cells, 1779 colours)
picvec segmentation substage initial-components: 0.044s
picvec segmentation substage antialias: 0.169s
picvec stage segmentation: 0.846s (total 3.452s)
picvec segmentation substage finalize: 0.049s (total 0.613s)
picvec stage segmentation: 1.244s (total 3.574s)
picvec stage segmentation: 1.170s (total 3.611s)
picvec stage boundary-regularization: 0.177s (total 3.629s)
picvec segmentation substage small-components: 0.274s
picvec stage segmentation: 0.972s (total 3.657s)
picvec segmentation substage compact: 0.010s
picvec segmentation substage small-components: 0.284s
picvec paint substage harmonize: 0.443s
picvec segmentation substage compact: 0.020s
picvec stage boundary-regularization: 0.176s (total 3.750s)
picvec stage boundary-regularization: 0.154s (total 3.765s)
picvec paint substage couple: 0.072s
picvec stage paint-fitting: 1.525s (total 3.803s)
picvec stage boundary-regularization: 0.193s (total 3.850s)
picvec segmentation substage antialias: 0.200s
picvec segmentation substage antialias: 0.170s
picvec segmentation substage finalize: 0.052s (total 0.755s)
picvec segmentation substage finalize: 0.050s (total 0.772s)
picvec stage paint-aware-merge: 0.398s (total 4.027s)
picvec stage segmentation: 1.214s (total 4.090s)
picvec stage segmentation: 1.615s (total 4.118s)
picvec stage thin-paint-ownership: 0.139s (total 4.166s)
picvec stage paint-aware-merge: 0.492s (total 4.257s)
picvec stage boundary-regularization: 0.179s (total 4.268s)
picvec stage boundary-regularization: 0.180s (total 4.299s)
picvec stage paint-aware-merge: 0.639s (total 4.389s)
picvec stage paint-aware-merge: 0.551s (total 4.401s)
picvec stage thin-paint-ownership: 0.264s (total 4.520s)
picvec stage paint-topology-preservation: 1.475s (total 4.548s)
picvec paint substage setup: 0.023s
picvec stage thin-paint-ownership: 0.177s (total 4.578s)
picvec stage thin-paint-ownership: 0.194s (total 4.583s)
picvec layered merge candidates: considered 825, evidence 742, seam 9, layered 12, nonfinite 0, face 29, combined 33, accepted 12
picvec stage source-supported-paint-merge: 0.797s (total 4.600s)
picvec stage exact-paint-merge: 0.006s (total 4.605s)
picvec stage segmentation: 1.503s (total 4.664s)
picvec stage layered-paint-simplification: 0.067s (total 4.672s)
picvec stage segmentation: 1.507s (total 4.692s)
picvec stage paint-aware-merge: 0.410s (total 4.708s)
picvec stage residual-shape-refinement: 0.055s (total 4.727s)
picvec stage boundary-regularization: 0.214s (total 4.879s)
picvec stage boundary-regularization: 0.207s (total 4.898s)
picvec stage thin-paint-ownership: 0.250s (total 4.958s)
picvec stage paint-aware-merge: 0.700s (total 4.968s)
picvec stage thin-paint-ownership: 0.215s (total 5.183s)
picvec stage interior-shading: 0.507s (total 5.235s)
picvec stage face-alpha: 0.002s (total 5.237s)
picvec stage hierarchical-topology: 0.001s (total 5.238s)
picvec stage paint-aware-merge: 0.887s (total 5.785s)
picvec stage paint-aware-merge: 0.933s (total 5.811s)
picvec stage paint-topology-preservation: 1.827s (total 5.993s)
picvec paint substage setup: 0.031s
picvec stage thin-paint-ownership: 0.258s (total 6.069s)
picvec stage thin-paint-ownership: 0.525s (total 6.310s)
picvec stage paint-topology-preservation: 1.844s (total 6.364s)
picvec paint substage setup: 0.029s
picvec stage paint-topology-preservation: 1.476s (total 6.435s)
picvec paint substage setup: 0.040s
picvec paint substage initial: 1.984s (primary solid 0, gain-bound solid 109, low-range solid 12, model search 346)
picvec stage paint-topology-preservation: 2.030s (total 6.608s)
picvec paint substage setup: 0.041s
picvec stage paint-topology-preservation: 2.344s (total 6.927s)
picvec paint substage setup: 0.031s
picvec stage paint-topology-preservation: 1.947s (total 7.130s)
picvec paint substage setup: 0.038s
picvec paint substage initial: 1.471s (primary solid 0, gain-bound solid 67, low-range solid 15, model search 317)
picvec stage shared-geometry: 2.570s (total 7.808s)
picvec stage paint-preview: 0.021s (total 7.829s)
picvec structural substage ownership: 0.095s
picvec structural substage outline-proposals: 0.000s
picvec structural substage outline-validation: 0.000s
picvec structural substage colour-patches: 0.054s
picvec stage structural-selection: 0.150s (total 7.979s)
picvec paint substage initial: 1.488s (primary solid 0, gain-bound solid 88, low-range solid 18, model search 307)
picvec stage paint-order-validation: 0.168s (total 8.147s)
picvec stage paint-topology-preservation: 2.089s (total 8.158s)
picvec paint substage setup: 0.037s
picvec hole trials: 3 calls, 1 cached rejections, serialization 0.004s, validation 0.009s
picvec paint substage initial: 1.873s (primary solid 0, gain-bound solid 97, low-range solid 14, model search 300)
picvec stage covered-hole-simplification: 0.182s (total 8.329s)
picvec visibility witnesses: 296/330 draws, 0.059s
picvec visibility proof shortcuts: 296 visible, 11 prefix no-op
picvec stage final-svg: 0.088s (total 8.417s)
picvec stage paint-topology-preservation: 2.575s (total 8.885s)
picvec paint substage initial: 2.434s (primary solid 0, gain-bound solid 137, low-range solid 16, model search 543)
picvec paint substage setup: 0.036s
picvec paint substage harmonize: 1.430s
picvec paint substage couple: 0.114s
picvec stage paint-fitting: 3.091s (total 9.085s)
picvec paint substage harmonize: 2.744s
picvec paint substage couple: 0.159s
picvec stage paint-fitting: 4.952s (total 9.500s)
picvec paint substage initial: 2.906s (primary solid 0, gain-bound solid 52, low-range solid 9, model search 435)
picvec paint substage harmonize: 2.436s
picvec paint substage couple: 0.064s
picvec stage paint-fitting: 4.081s (total 10.689s)
picvec adaptive evaluated 3378 3520 702 298: baseline=PerceptualScore { mean_delta_e: 4.2444706, p90_delta_e: 12.390707, missing_edge_fraction: 0.76437527, combined: 9.159421 } refined=PerceptualScore { mean_delta_e: 1.202273, p90_delta_e: 2.362761, missing_edge_fraction: 0.3731085, combined: 2.6054528 } boundary_matches=true bytes=206346
picvec adaptive processing: source 2537 1692 754 766, processing 754 766
picvec stage load-resize: 0.001s (total 0.001s)
picvec paint substage harmonize: 2.675s
picvec paint substage initial: 3.875s (primary solid 0, gain-bound solid 220, low-range solid 16, model search 551)
picvec paint substage couple: 0.127s
picvec stage paint-fitting: 4.751s (total 11.114s)
picvec paint substage harmonize: 2.615s
picvec paint substage couple: 0.110s
picvec stage paint-fitting: 5.250s (total 11.685s)
picvec stage edge-roles: 1.395s (total 1.396s)
picvec paint substage initial: 4.258s (primary solid 0, gain-bound solid 305, low-range solid 19, model search 669)
picvec stage structural-analysis: 0.796s (total 2.192s)
picvec layered merge candidates: considered 1227, evidence 1035, seam 18, layered 41, nonfinite 0, face 99, combined 53, accepted 22
picvec stage source-supported-paint-merge: 3.590s (total 13.090s)
picvec stage exact-paint-merge: 0.009s (total 13.099s)
picvec paint substage initial: 4.263s (primary solid 0, gain-bound solid 400, low-range solid 15, model search 729)
picvec stage layered-paint-simplification: 0.269s (total 13.368s)
picvec paint substage harmonize: 3.788s
picvec stage residual-shape-refinement: 0.431s (total 13.799s)
picvec stage perceptual-smoothing: 0.851s (total 3.044s)
picvec layered merge candidates: considered 1091, evidence 943, seam 32, layered 27, nonfinite 0, face 68, combined 34, accepted 14
picvec stage source-supported-paint-merge: 2.823s (total 13.937s)
picvec stage exact-paint-merge: 0.012s (total 13.949s)
picvec paint substage couple: 0.232s
picvec stage paint-fitting: 7.023s (total 13.950s)
picvec segmentation substage setup: 0.038s
picvec stage layered-paint-simplification: 0.127s (total 14.076s)
picvec segmentation substage palette: 0.137s (30698 histogram cells, 1477 colours)
picvec segmentation substage initial-components: 0.020s
picvec stage residual-shape-refinement: 0.070s (total 14.146s)
picvec segmentation substage small-components: 0.204s
picvec segmentation substage compact: 0.014s
picvec segmentation substage antialias: 0.232s
picvec segmentation substage finalize: 0.045s (total 0.691s)
picvec layered merge candidates: considered 1108, evidence 942, seam 30, layered 26, nonfinite 0, face 74, combined 42, accepted 20
picvec stage source-supported-paint-merge: 4.065s (total 14.753s)
picvec stage exact-paint-merge: 0.013s (total 14.766s)
picvec stage layered-paint-simplification: 0.073s (total 14.839s)
picvec stage residual-shape-refinement: 0.025s (total 14.863s)
picvec stage segmentation: 1.285s (total 4.328s)
picvec layered merge candidates: considered 1816, evidence 1526, seam 90, layered 38, nonfinite 0, face 86, combined 87, accepted 27
picvec stage source-supported-paint-merge: 3.717s (total 15.402s)
picvec stage boundary-regularization: 0.205s (total 4.533s)
picvec stage exact-paint-merge: 0.013s (total 15.415s)
picvec stage interior-shading: 1.654s (total 15.453s)
picvec stage face-alpha: 0.004s (total 15.457s)
picvec stage hierarchical-topology: 0.002s (total 15.458s)
picvec stage layered-paint-simplification: 0.052s (total 15.467s)
picvec stage residual-shape-refinement: 0.040s (total 15.507s)
picvec stage interior-shading: 1.367s (total 15.513s)
picvec stage face-alpha: 0.004s (total 15.517s)
picvec stage hierarchical-topology: 0.001s (total 15.519s)
picvec paint substage harmonize: 4.938s
picvec stage interior-shading: 1.199s (total 16.063s)
picvec stage face-alpha: 0.008s (total 16.070s)
picvec stage hierarchical-topology: 0.003s (total 16.073s)
picvec stage paint-aware-merge: 0.766s (total 5.299s)
picvec paint substage couple: 0.236s
picvec stage paint-fitting: 9.146s (total 16.276s)
picvec stage thin-paint-ownership: 0.242s (total 5.541s)
picvec paint substage harmonize: 3.911s
picvec stage interior-shading: 1.129s (total 16.637s)
picvec stage face-alpha: 0.006s (total 16.643s)
picvec stage hierarchical-topology: 0.003s (total 16.645s)
picvec paint substage couple: 0.278s
picvec stage paint-fitting: 8.559s (total 16.717s)
picvec layered merge candidates: considered 1045, evidence 893, seam 24, layered 30, nonfinite 0, face 51, combined 48, accepted 29
picvec stage source-supported-paint-merge: 8.455s (total 17.540s)
picvec stage exact-paint-merge: 0.013s (total 17.552s)
picvec stage layered-paint-simplification: 0.263s (total 17.815s)
picvec paint substage harmonize: 4.676s
picvec stage residual-shape-refinement: 0.117s (total 17.931s)
picvec paint substage couple: 0.346s
picvec stage paint-fitting: 9.386s (total 18.272s)
picvec stage paint-topology-preservation: 2.114s (total 7.655s)
picvec paint substage setup: 0.034s
picvec layered merge candidates: considered 1414, evidence 1093, seam 92, layered 60, nonfinite 0, face 124, combined 72, accepted 33
picvec stage source-supported-paint-merge: 4.656s (total 18.605s)
picvec stage exact-paint-merge: 0.012s (total 18.617s)
picvec stage interior-shading: 0.763s (total 18.694s)
picvec stage face-alpha: 0.005s (total 18.699s)
picvec stage hierarchical-topology: 0.003s (total 18.702s)
picvec stage layered-paint-simplification: 0.948s (total 19.565s)
picvec stage residual-shape-refinement: 1.591s (total 21.156s)
picvec layered merge candidates: considered 2538, evidence 2203, seam 80, layered 76, nonfinite 0, face 157, combined 75, accepted 23
picvec stage source-supported-paint-merge: 5.063s (total 21.781s)
picvec stage exact-paint-merge: 0.015s (total 21.795s)
picvec layered merge candidates: considered 2073, evidence 1695, seam 86, layered 66, nonfinite 0, face 166, combined 95, accepted 31
picvec stage source-supported-paint-merge: 5.551s (total 21.827s)
picvec stage exact-paint-merge: 0.015s (total 21.842s)
picvec stage layered-paint-simplification: 0.265s (total 22.060s)
picvec paint substage initial: 3.599s (primary solid 0, gain-bound solid 204, low-range solid 15, model search 582)
picvec stage residual-shape-refinement: 0.591s (total 22.651s)
picvec stage layered-paint-simplification: 1.405s (total 23.247s)
picvec stage shared-geometry: 7.745s (total 23.264s)
picvec stage paint-preview: 0.030s (total 23.294s)
picvec structural substage ownership: 0.203s
picvec structural substage outline-proposals: 0.001s
picvec structural substage outline-validation: 0.000s
picvec structural substage colour-patches: 0.092s
picvec stage structural-selection: 0.296s (total 23.590s)
picvec stage interior-shading: 2.565s (total 23.721s)
picvec stage face-alpha: 0.013s (total 23.734s)
picvec stage hierarchical-topology: 0.001s (total 23.735s)
picvec layered merge candidates: considered 2901, evidence 2473, seam 94, layered 76, nonfinite 0, face 181, combined 109, accepted 44
picvec stage source-supported-paint-merge: 5.546s (total 23.817s)
picvec stage paint-order-validation: 0.229s (total 23.820s)
picvec stage exact-paint-merge: 0.017s (total 23.834s)
picvec stage shared-geometry: 8.438s (total 23.897s)
picvec stage paint-preview: 0.038s (total 23.934s)
picvec hole trials: 1 calls, 0 cached rejections, serialization 0.004s, validation 0.057s
picvec stage covered-hole-simplification: 0.346s (total 24.166s)
picvec visibility witnesses: 429/432 draws, 0.060s
picvec visibility proof shortcuts: 429 visible, 0 prefix no-op
picvec stage final-svg: 0.072s (total 24.238s)
picvec structural substage ownership: 0.373s
picvec stage layered-paint-simplification: 0.517s (total 24.351s)
picvec structural substage outline-proposals: 0.110s
picvec structural substage outline-validation: 0.091s
picvec structural substage colour-patches: 0.124s
picvec stage structural-selection: 0.699s (total 24.633s)
picvec stage paint-order-validation: 0.334s (total 24.967s)
picvec stage residual-shape-refinement: 0.700s (total 25.051s)
picvec stage shared-geometry: 8.513s (total 25.158s)
picvec stage paint-preview: 0.044s (total 25.202s)
picvec stage shared-geometry: 9.426s (total 25.499s)
picvec paint substage harmonize: 3.278s
picvec stage paint-preview: 0.031s (total 25.530s)
picvec structural substage ownership: 0.339s
picvec structural substage outline-proposals: 0.004s
picvec structural substage outline-validation: 0.000s
picvec stage interior-shading: 2.933s (total 25.584s)
picvec stage face-alpha: 0.006s (total 25.590s)
picvec stage hierarchical-topology: 0.003s (total 25.592s)
picvec hole trials: 1 calls, 0 cached rejections, serialization 0.005s, validation 0.286s
picvec structural substage colour-patches: 0.178s
picvec stage structural-selection: 0.521s (total 25.723s)
picvec paint substage couple: 0.283s
picvec stage paint-fitting: 7.259s (total 14.914s)
picvec structural substage ownership: 0.315s
picvec stage shared-geometry: 7.249s (total 25.951s)
picvec stage paint-preview: 0.033s (total 25.984s)
picvec stage covered-hole-simplification: 1.064s (total 26.031s)
picvec structural substage outline-proposals: 0.195s
picvec structural substage outline-validation: 0.067s
picvec visibility witnesses: 512/555 draws, 0.105s
picvec structural substage ownership: 0.201s
picvec stage paint-order-validation: 0.489s (total 26.212s)
picvec structural substage colour-patches: 0.108s
picvec stage structural-selection: 0.685s (total 26.215s)
picvec structural substage outline-proposals: 0.246s
picvec visibility proof shortcuts: 473 visible, 0 prefix no-op
picvec stage final-svg: 0.469s (total 26.500s)
picvec structural substage outline-validation: 0.081s
picvec structural substage colour-patches: 0.114s
picvec stage structural-selection: 0.643s (total 26.627s)
picvec stage paint-order-validation: 0.482s (total 26.697s)
picvec hole trials: 9 calls, 2 cached rejections, serialization 0.037s, validation 0.333s
picvec stage covered-hole-simplification: 0.768s (total 26.980s)
picvec visibility witnesses: 668/709 draws, 0.086s
picvec visibility proof shortcuts: 668 visible, 0 prefix no-op
picvec stage final-svg: 0.103s (total 27.084s)
picvec adaptive evaluated 4328 872 464 752: baseline=PerceptualScore { mean_delta_e: 5.1810675, p90_delta_e: 15.676727, missing_edge_fraction: 0.8354049, combined: 11.108385 } refined=PerceptualScore { mean_delta_e: 1.697622, p90_delta_e: 2.7617223, missing_edge_fraction: 0.2700565, combined: 2.6787882 } boundary_matches=true bytes=424815
picvec adaptive processing: source 4178 4115 731 705, processing 731 705
picvec stage load-resize: 0.000s (total 0.000s)
picvec stage residual-shape-refinement: 3.978s (total 27.225s)
picvec stage paint-order-validation: 0.622s (total 27.249s)
picvec hole trials: 9 calls, 1 cached rejections, serialization 0.039s, validation 0.527s
picvec hole trials: 1 calls, 0 cached rejections, serialization 0.005s, validation 0.247s
picvec stage covered-hole-simplification: 1.220s (total 27.917s)
picvec visibility witnesses: 446/479 draws, 0.103s
picvec stage covered-hole-simplification: 0.869s (total 28.118s)
picvec visibility witnesses: 376/416 draws, 0.089s
picvec visibility proof shortcuts: 424 visible, 1 prefix no-op
picvec stage edge-roles: 1.198s (total 1.199s)
picvec stage final-svg: 0.480s (total 28.398s)
picvec visibility proof shortcuts: 339 visible, 0 prefix no-op
picvec stage final-svg: 0.457s (total 28.575s)
picvec stage interior-shading: 3.798s (total 28.848s)
picvec stage face-alpha: 0.007s (total 28.855s)
picvec stage hierarchical-topology: 0.003s (total 28.859s)
picvec stage structural-analysis: 0.608s (total 1.807s)
picvec adaptive evaluated 87 904 680 676: baseline=PerceptualScore { mean_delta_e: 3.988487, p90_delta_e: 12.251256, missing_edge_fraction: 0.7287234, combined: 8.881493 } refined=PerceptualScore { mean_delta_e: 1.2851443, p90_delta_e: 1.8463461, missing_edge_fraction: 0.26010638, combined: 2.0971725 } boundary_matches=true bytes=327306
picvec adaptive processing: source 3409 1676 627 802, processing 627 802
picvec stage load-resize: 0.000s (total 0.000s)
picvec layered merge candidates: considered 2125, evidence 1744, seam 92, layered 67, nonfinite 0, face 142, combined 105, accepted 42
picvec stage source-supported-paint-merge: 3.996s (total 18.910s)
picvec stage exact-paint-merge: 0.024s (total 18.935s)
picvec stage perceptual-smoothing: 0.854s (total 2.661s)
picvec segmentation substage setup: 0.048s
picvec stage interior-shading: 2.759s (total 29.984s)
picvec stage face-alpha: 0.006s (total 29.990s)
picvec stage hierarchical-topology: 0.003s (total 29.992s)
picvec segmentation substage palette: 0.152s (26349 histogram cells, 1481 colours)
picvec segmentation substage initial-components: 0.018s
picvec segmentation substage small-components: 0.147s
picvec segmentation substage compact: 0.014s
picvec stage layered-paint-simplification: 0.510s (total 19.445s)
picvec segmentation substage antialias: 0.138s
picvec segmentation substage finalize: 0.044s (total 0.561s)
picvec stage edge-roles: 1.280s (total 1.281s)
picvec stage segmentation: 1.141s (total 3.802s)
picvec stage residual-shape-refinement: 0.724s (total 20.169s)
picvec stage boundary-regularization: 0.190s (total 3.992s)
picvec stage structural-analysis: 0.698s (total 1.979s)
picvec adaptive evaluated 4205 2590 712 681: baseline=PerceptualScore { mean_delta_e: 3.8828988, p90_delta_e: 12.090997, missing_edge_fraction: 0.72072417, combined: 8.745875 } refined=PerceptualScore { mean_delta_e: 1.3017021, p90_delta_e: 2.2651129, missing_edge_fraction: 0.3170262, combined: 2.4428897 } boundary_matches=true bytes=371744
picvec adaptive processing: source 2587 2529 619 800, processing 619 800
picvec stage load-resize: 0.000s (total 0.000s)
picvec stage paint-aware-merge: 0.560s (total 4.552s)
picvec stage shared-geometry: 8.189s (total 31.924s)
picvec stage thin-paint-ownership: 0.210s (total 4.762s)
picvec stage paint-preview: 0.048s (total 31.972s)
picvec adaptive evaluated 912 4118 700 663: baseline=PerceptualScore { mean_delta_e: 4.1470256, p90_delta_e: 12.696511, missing_edge_fraction: 0.7225028, combined: 9.112274 } refined=PerceptualScore { mean_delta_e: 1.5053718, p90_delta_e: 2.9074721, missing_edge_fraction: 0.32154882, combined: 2.8050528 } boundary_matches=true bytes=576499
picvec adaptive processing: source 4258 3322 594 703, processing 594 703
picvec stage load-resize: 0.000s (total 0.000s)
picvec stage perceptual-smoothing: 0.716s (total 2.695s)
picvec structural substage ownership: 0.178s
picvec segmentation substage setup: 0.027s
picvec structural substage outline-proposals: 0.006s
picvec structural substage outline-validation: 0.000s
picvec structural substage colour-patches: 0.136s
picvec stage structural-selection: 0.320s (total 32.291s)
picvec segmentation substage palette: 0.161s (34781 histogram cells, 1661 colours)
picvec segmentation substage initial-components: 0.026s
picvec segmentation substage small-components: 0.279s
picvec segmentation substage compact: 0.015s
picvec stage paint-order-validation: 0.463s (total 32.755s)
picvec stage edge-roles: 1.229s (total 1.230s)
picvec segmentation substage antialias: 0.133s
picvec segmentation substage finalize: 0.040s (total 0.680s)
picvec stage edge-roles: 0.896s (total 0.896s)
picvec hole trials: 1 calls, 0 cached rejections, serialization 0.005s, validation 0.134s
picvec stage structural-analysis: 0.511s (total 1.741s)
picvec stage structural-analysis: 0.327s (total 1.223s)
picvec stage covered-hole-simplification: 0.631s (total 33.386s)
picvec visibility witnesses: 520/523 draws, 0.095s
picvec visibility proof shortcuts: 520 visible, 0 prefix no-op
picvec stage final-svg: 0.109s (total 33.495s)
picvec stage segmentation: 1.511s (total 4.207s)
picvec stage interior-shading: 2.632s (total 22.801s)
picvec stage face-alpha: 0.017s (total 22.818s)
picvec stage hierarchical-topology: 0.003s (total 22.821s)
picvec stage paint-topology-preservation: 1.847s (total 6.609s)
picvec stage boundary-regularization: 0.174s (total 4.381s)
picvec paint substage setup: 0.037s
picvec stage perceptual-smoothing: 0.619s (total 1.842s)
picvec segmentation substage setup: 0.024s
picvec stage perceptual-smoothing: 0.752s (total 2.492s)
picvec segmentation substage palette: 0.093s (27109 histogram cells, 1136 colours)
picvec segmentation substage setup: 0.038s
picvec segmentation substage initial-components: 0.019s
picvec segmentation substage palette: 0.077s (20779 histogram cells, 976 colours)
picvec segmentation substage initial-components: 0.025s
picvec segmentation substage small-components: 0.180s
picvec segmentation substage compact: 0.013s
picvec segmentation substage antialias: 0.106s
picvec segmentation substage small-components: 0.209s
picvec segmentation substage compact: 0.020s
picvec segmentation substage finalize: 0.036s (total 0.470s)
picvec segmentation substage antialias: 0.251s
picvec stage paint-aware-merge: 0.853s (total 5.234s)
picvec segmentation substage finalize: 0.041s (total 0.661s)
picvec stage shared-geometry: 9.128s (total 34.720s)
picvec stage paint-preview: 0.071s (total 34.791s)
picvec stage segmentation: 0.959s (total 2.802s)
picvec stage thin-paint-ownership: 0.337s (total 5.571s)
picvec stage boundary-regularization: 0.137s (total 2.938s)
picvec stage segmentation: 1.267s (total 3.759s)
picvec stage paint-aware-merge: 0.316s (total 3.254s)
picvec stage boundary-regularization: 0.187s (total 3.946s)
picvec stage thin-paint-ownership: 0.338s (total 3.593s)
picvec structural substage ownership: 1.035s
picvec structural substage outline-proposals: 0.003s
picvec structural substage outline-validation: 0.000s
picvec structural substage colour-patches: 0.196s
picvec stage structural-selection: 1.234s (total 36.026s)
picvec paint substage initial: 2.438s (primary solid 0, gain-bound solid 146, low-range solid 5, model search 433)
picvec stage paint-order-validation: 0.433s (total 36.459s)
picvec stage paint-aware-merge: 0.976s (total 4.922s)
picvec stage thin-paint-ownership: 0.246s (total 5.168s)
picvec stage paint-topology-preservation: 1.708s (total 7.279s)
picvec paint substage setup: 0.034s
picvec hole trials: 1 calls, 0 cached rejections, serialization 0.012s, validation 0.234s
picvec stage covered-hole-simplification: 0.890s (total 37.349s)
picvec stage paint-topology-preservation: 1.776s (total 5.368s)
picvec paint substage setup: 0.025s
picvec visibility witnesses: 1108/1126 draws, 0.131s
picvec visibility proof shortcuts: 1108 visible, 0 prefix no-op
picvec stage final-svg: 0.162s (total 37.511s)
picvec adaptive evaluated 2561 909 698 671: baseline=PerceptualScore { mean_delta_e: 3.5617275, p90_delta_e: 10.737295, missing_edge_fraction: 0.82091916, combined: 8.360453 } refined=PerceptualScore { mean_delta_e: 1.3580734, p90_delta_e: 2.4116797, missing_edge_fraction: 0.38827258, combined: 2.7406228 } boundary_matches=true bytes=316653
picvec adaptive processing: source 4276 106 554 712, processing 554 712
picvec stage load-resize: 0.001s (total 0.001s)
picvec stage shared-geometry: 9.578s (total 38.436s)
picvec stage paint-preview: 0.082s (total 38.518s)
picvec stage edge-roles: 0.959s (total 0.960s)
picvec stage paint-topology-preservation: 2.133s (total 7.301s)
picvec paint substage setup: 0.028s
picvec stage structural-analysis: 0.363s (total 1.323s)
picvec structural substage ownership: 0.729s
picvec structural substage outline-proposals: 0.043s
picvec structural substage outline-validation: 0.141s
picvec stage shared-geometry: 9.580s (total 39.572s)
picvec stage paint-preview: 0.059s (total 39.632s)
picvec paint substage harmonize: 3.330s
picvec structural substage colour-patches: 0.251s
picvec stage structural-selection: 1.164s (total 39.682s)
picvec stage perceptual-smoothing: 0.633s (total 1.956s)
picvec segmentation substage setup: 0.025s
picvec paint substage couple: 0.183s
picvec stage paint-fitting: 6.038s (total 12.648s)
picvec segmentation substage palette: 0.075s (16662 histogram cells, 925 colours)
picvec segmentation substage initial-components: 0.011s
picvec segmentation substage small-components: 0.089s
picvec segmentation substage compact: 0.009s
picvec segmentation substage antialias: 0.099s
picvec segmentation substage finalize: 0.034s (total 0.342s)
picvec stage paint-order-validation: 0.534s (total 40.216s)
picvec structural substage ownership: 0.589s
picvec structural substage outline-proposals: 0.004s
picvec structural substage outline-validation: 0.000s
picvec structural substage colour-patches: 0.198s
picvec stage structural-selection: 0.792s (total 40.424s)
picvec paint substage initial: 3.000s (primary solid 0, gain-bound solid 298, low-range solid 3, model search 525)
picvec stage segmentation: 0.949s (total 2.905s)
picvec paint substage initial: 3.983s (primary solid 0, gain-bound solid 438, low-range solid 5, model search 581)
picvec stage boundary-regularization: 0.150s (total 3.055s)
picvec hole trials: 1 calls, 0 cached rejections, serialization 0.013s, validation 0.284s
picvec stage paint-order-validation: 0.649s (total 41.073s)
picvec stage paint-aware-merge: 0.270s (total 3.325s)
picvec stage covered-hole-simplification: 1.039s (total 41.255s)
picvec stage thin-paint-ownership: 0.175s (total 3.500s)
picvec adaptive evaluated 4195 1707 725 761: baseline=PerceptualScore { mean_delta_e: 5.06596, p90_delta_e: 15.292145, missing_edge_fraction: 0.7890703, combined: 10.76375 } refined=PerceptualScore { mean_delta_e: 1.7666574, p90_delta_e: 3.5135968, missing_edge_fraction: 0.37820727, combined: 3.3350565 } boundary_matches=true bytes=841320
picvec adaptive processing: source 2622 106 564 710, processing 564 710
picvec stage load-resize: 0.000s (total 0.000s)
picvec visibility witnesses: 1126/1230 draws, 0.160s
picvec visibility proof shortcuts: 1126 visible, 0 prefix no-op
picvec stage final-svg: 0.224s (total 41.479s)
picvec stage shared-geometry: 8.431s (total 31.252s)
picvec hole trials: 11 calls, 3 cached rejections, serialization 0.052s, validation 0.697s
picvec paint substage initial: 3.310s (primary solid 0, gain-bound solid 132, low-range solid 18, model search 681)
picvec stage paint-preview: 0.067s (total 31.319s)
picvec stage edge-roles: 0.966s (total 0.966s)
picvec stage covered-hole-simplification: 1.395s (total 42.467s)
picvec stage paint-topology-preservation: 1.250s (total 4.750s)
picvec paint substage setup: 0.032s
picvec visibility witnesses: 875/895 draws, 0.136s
picvec visibility proof shortcuts: 875 visible, 0 prefix no-op
picvec stage final-svg: 0.175s (total 42.642s)
picvec stage structural-analysis: 0.376s (total 1.342s)
picvec structural substage ownership: 0.744s
picvec structural substage outline-proposals: 0.005s
picvec structural substage outline-validation: 0.000s
picvec structural substage colour-patches: 0.217s
picvec stage structural-selection: 0.967s (total 32.286s)
picvec layered merge candidates: considered 1552, evidence 1330, seam 46, layered 49, nonfinite 0, face 96, combined 61, accepted 19
picvec stage source-supported-paint-merge: 3.562s (total 16.210s)
picvec paint substage harmonize: 2.637s
picvec stage exact-paint-merge: 0.017s (total 16.227s)
picvec stage perceptual-smoothing: 0.711s (total 2.053s)
picvec segmentation substage setup: 0.036s
picvec segmentation substage palette: 0.064s (14147 histogram cells, 795 colours)
picvec segmentation substage initial-components: 0.017s
picvec segmentation substage small-components: 0.065s
picvec segmentation substage compact: 0.016s
picvec paint substage couple: 0.275s
picvec stage paint-fitting: 6.984s (total 14.263s)
picvec segmentation substage antialias: 0.128s
picvec segmentation substage finalize: 0.043s (total 0.370s)
picvec paint substage initial: 1.334s (primary solid 0, gain-bound solid 133, low-range solid 6, model search 282)
picvec stage paint-order-validation: 0.863s (total 33.149s)
picvec stage segmentation: 0.762s (total 2.815s)
picvec paint substage harmonize: 3.783s
picvec stage boundary-regularization: 0.157s (total 2.972s)
picvec stage layered-paint-simplification: 0.943s (total 17.170s)
picvec paint substage couple: 0.249s
picvec stage paint-fitting: 7.097s (total 12.466s)
picvec stage paint-aware-merge: 0.428s (total 3.400s)
picvec hole trials: 9 calls, 0 cached rejections, serialization 0.071s, validation 0.409s
picvec stage thin-paint-ownership: 0.183s (total 3.583s)
picvec stage covered-hole-simplification: 1.161s (total 34.310s)
picvec visibility witnesses: 795/842 draws, 0.178s
picvec paint substage harmonize: 1.471s
picvec visibility proof shortcuts: 794 visible, 11 prefix no-op
picvec stage final-svg: 0.268s (total 34.578s)
picvec paint substage couple: 0.104s
picvec stage paint-fitting: 2.989s (total 7.739s)
picvec stage residual-shape-refinement: 1.797s (total 18.966s)
picvec paint substage harmonize: 4.259s
picvec paint substage couple: 0.244s
picvec stage paint-fitting: 7.914s (total 15.215s)
picvec stage paint-topology-preservation: 2.162s (total 5.745s)
picvec paint substage setup: 0.036s
picvec layered merge candidates: considered 2098, evidence 1843, seam 37, layered 35, nonfinite 0, face 91, combined 71, accepted 56
picvec stage source-supported-paint-merge: 2.744s (total 15.209s)
picvec stage exact-paint-merge: 0.014s (total 15.223s)
picvec stage layered-paint-simplification: 0.573s (total 15.797s)
picvec stage interior-shading: 1.936s (total 20.902s)
picvec stage face-alpha: 0.024s (total 20.926s)
picvec stage hierarchical-topology: 0.003s (total 20.929s)
picvec layered merge candidates: considered 2453, evidence 2162, seam 90, layered 78, nonfinite 0, face 117, combined 54, accepted 30
picvec stage source-supported-paint-merge: 4.458s (total 18.721s)
picvec stage exact-paint-merge: 0.015s (total 18.737s)
picvec stage residual-shape-refinement: 0.875s (total 16.671s)
picvec paint substage initial: 1.732s (primary solid 0, gain-bound solid 75, low-range solid 7, model search 236)
picvec layered merge candidates: considered 1065, evidence 937, seam 35, layered 28, nonfinite 0, face 46, combined 31, accepted 16
picvec stage source-supported-paint-merge: 3.651s (total 11.390s)
picvec stage exact-paint-merge: 0.012s (total 11.403s)
picvec stage layered-paint-simplification: 0.185s (total 11.587s)
picvec stage residual-shape-refinement: 0.071s (total 11.658s)
picvec stage layered-paint-simplification: 1.395s (total 20.131s)
picvec stage interior-shading: 1.074s (total 12.733s)
picvec stage face-alpha: 0.005s (total 12.738s)
picvec stage hierarchical-topology: 0.002s (total 12.739s)
picvec paint substage harmonize: 1.789s
picvec paint substage couple: 0.070s
picvec stage paint-fitting: 3.669s (total 9.413s)
picvec stage residual-shape-refinement: 2.200s (total 22.332s)
picvec layered merge candidates: considered 1912, evidence 1607, seam 61, layered 71, nonfinite 0, face 133, combined 76, accepted 35
picvec stage source-supported-paint-merge: 5.040s (total 20.255s)
picvec stage exact-paint-merge: 0.014s (total 20.269s)
picvec stage interior-shading: 3.046s (total 19.717s)
picvec stage face-alpha: 0.005s (total 19.722s)
picvec stage hierarchical-topology: 0.002s (total 19.723s)
picvec stage layered-paint-simplification: 1.155s (total 21.425s)
picvec layered merge candidates: considered 851, evidence 691, seam 37, layered 27, nonfinite 0, face 73, combined 40, accepted 10
picvec stage source-supported-paint-merge: 3.502s (total 12.915s)
picvec stage exact-paint-merge: 0.011s (total 12.926s)
picvec stage residual-shape-refinement: 1.366s (total 22.790s)
picvec adaptive evaluated 1772 2551 585 739: baseline=PerceptualScore { mean_delta_e: 4.4521694, p90_delta_e: 13.229025, missing_edge_fraction: 0.7413027, combined: 9.518994 } refined=PerceptualScore { mean_delta_e: 1.4074782, p90_delta_e: 2.5253515, missing_edge_fraction: 0.35788304, combined: 2.717155 } boundary_matches=true bytes=488775
picvec adaptive processing: source 870 1715 765 726, processing 765 726
picvec stage load-resize: 0.001s (total 0.001s)
picvec stage interior-shading: 3.015s (total 25.347s)
picvec stage face-alpha: 0.007s (total 25.353s)
picvec stage hierarchical-topology: 0.002s (total 25.356s)
picvec stage layered-paint-simplification: 1.177s (total 14.104s)
picvec stage residual-shape-refinement: 0.184s (total 14.287s)
picvec stage edge-roles: 1.549s (total 1.549s)
picvec stage shared-geometry: 4.606s (total 24.329s)
picvec stage paint-preview: 0.050s (total 24.379s)
picvec structural substage ownership: 0.186s
picvec stage interior-shading: 1.004s (total 15.291s)
picvec stage face-alpha: 0.005s (total 15.296s)
picvec structural substage outline-proposals: 0.020s
picvec structural substage outline-validation: 0.000s
picvec stage hierarchical-topology: 0.002s (total 15.298s)
picvec structural substage colour-patches: 0.142s
picvec stage structural-selection: 0.348s (total 24.727s)
picvec stage shared-geometry: 8.786s (total 29.715s)
picvec stage shared-geometry: 6.404s (total 19.143s)
picvec stage paint-preview: 0.047s (total 29.762s)
picvec stage paint-preview: 0.041s (total 19.185s)
picvec stage structural-analysis: 0.867s (total 2.416s)
picvec stage interior-shading: 2.795s (total 25.585s)
picvec stage face-alpha: 0.010s (total 25.595s)
picvec stage hierarchical-topology: 0.003s (total 25.598s)
picvec structural substage ownership: 0.380s
picvec stage paint-order-validation: 0.537s (total 25.264s)
picvec structural substage outline-proposals: 0.027s
picvec structural substage ownership: 0.475s
picvec structural substage outline-validation: 0.100s
picvec structural substage colour-patches: 0.121s
picvec stage structural-selection: 0.630s (total 30.392s)
picvec structural substage outline-proposals: 0.312s
picvec structural substage outline-validation: 0.086s
picvec hole trials: 11 calls, 4 cached rejections, serialization 0.047s, validation 0.274s
picvec stage paint-order-validation: 0.345s (total 30.737s)
picvec structural substage colour-patches: 0.124s
picvec stage structural-selection: 0.997s (total 20.182s)
picvec stage covered-hole-simplification: 0.767s (total 26.031s)
picvec stage perceptual-smoothing: 1.044s (total 3.461s)
picvec segmentation substage setup: 0.043s
picvec visibility witnesses: 809/829 draws, 0.088s
picvec visibility proof shortcuts: 809 visible, 0 prefix no-op
picvec stage final-svg: 0.128s (total 26.159s)
picvec hole trials: 1 calls, 0 cached rejections, serialization 0.008s, validation 0.149s
picvec segmentation substage palette: 0.170s (30814 histogram cells, 1529 colours)
picvec segmentation substage initial-components: 0.024s
picvec stage covered-hole-simplification: 0.655s (total 31.391s)
picvec segmentation substage small-components: 0.267s
picvec segmentation substage compact: 0.022s
picvec visibility witnesses: 619/624 draws, 0.113s
picvec visibility proof shortcuts: 619 visible, 1 prefix no-op
picvec stage final-svg: 0.129s (total 31.521s)
picvec segmentation substage antialias: 0.195s
picvec segmentation substage finalize: 0.063s (total 0.784s)
picvec stage paint-order-validation: 0.957s (total 21.138s)
picvec adaptive evaluated 4267 3331 576 685: baseline=PerceptualScore { mean_delta_e: 3.5628836, p90_delta_e: 11.750437, missing_edge_fraction: 0.6698276, combined: 8.312956 } refined=PerceptualScore { mean_delta_e: 1.0924281, p90_delta_e: 2.1512218, missing_edge_fraction: 0.4362069, combined: 2.660702 } boundary_matches=true bytes=610747
picvec adaptive processing: source 3393 902 705 688, processing 705 688
picvec stage load-resize: 0.001s (total 0.001s)
picvec stage segmentation: 1.821s (total 5.281s)
picvec stage boundary-regularization: 0.250s (total 5.531s)
picvec hole trials: 15 calls, 2 cached rejections, serialization 0.072s, validation 0.644s
picvec adaptive evaluated 4188 4125 711 685: baseline=PerceptualScore { mean_delta_e: 3.6862636, p90_delta_e: 11.133297, missing_edge_fraction: 0.7260818, combined: 8.290383 } refined=PerceptualScore { mean_delta_e: 1.1980948, p90_delta_e: 2.2286277, missing_edge_fraction: 0.35371178, combined: 2.491729 } boundary_matches=true bytes=494333
picvec adaptive processing: source 74 4079 710 745, processing 710 745
picvec stage load-resize: 0.001s (total 0.001s)
picvec stage covered-hole-simplification: 1.936s (total 23.074s)
picvec visibility witnesses: 484/516 draws, 0.192s
picvec stage edge-roles: 1.383s (total 1.384s)
picvec stage paint-aware-merge: 1.093s (total 6.624s)
picvec stage thin-paint-ownership: 0.262s (total 6.886s)
picvec stage structural-analysis: 0.531s (total 1.915s)
picvec stage shared-geometry: 6.997s (total 32.353s)
picvec visibility proof shortcuts: 436 visible, 2 prefix no-op
picvec stage final-svg: 0.971s (total 24.046s)
picvec stage paint-preview: 0.077s (total 32.430s)
picvec stage edge-roles: 1.515s (total 1.516s)
picvec adaptive evaluated 1703 904 746 675: baseline=PerceptualScore { mean_delta_e: 4.8233113, p90_delta_e: 14.675104, missing_edge_fraction: 0.8631492, combined: 10.62998 } refined=PerceptualScore { mean_delta_e: 1.4811724, p90_delta_e: 2.8044167, missing_edge_fraction: 0.358615, combined: 2.8641393 } boundary_matches=true bytes=689242
picvec adaptive processing: source 2529 4096 701 727, processing 701 727
picvec stage load-resize: 0.001s (total 0.001s)
picvec stage structural-analysis: 0.520s (total 2.036s)
picvec stage perceptual-smoothing: 0.895s (total 2.810s)
picvec segmentation substage setup: 0.036s
picvec segmentation substage palette: 0.079s (15633 histogram cells, 1010 colours)
picvec segmentation substage initial-components: 0.015s
picvec segmentation substage small-components: 0.079s
picvec segmentation substage compact: 0.014s
picvec adaptive evaluated 4284 114 538 696: baseline=PerceptualScore { mean_delta_e: 3.2453806, p90_delta_e: 9.641666, missing_edge_fraction: 0.823, combined: 7.786088 } refined=PerceptualScore { mean_delta_e: 1.1870745, p90_delta_e: 2.091981, missing_edge_fraction: 0.346, combined: 2.408976 } boundary_matches=true bytes=376979
picvec structural substage ownership: 1.067s
picvec adaptive processing: source 987 3311 534 706, processing 534 706
picvec stage load-resize: 0.000s (total 0.000s)
picvec structural substage outline-proposals: 0.007s
picvec structural substage outline-validation: 0.000s
picvec segmentation substage antialias: 0.138s
picvec segmentation substage finalize: 0.051s (total 0.411s)
picvec structural substage colour-patches: 0.207s
picvec stage structural-selection: 1.282s (total 33.712s)
picvec stage edge-roles: 1.373s (total 1.373s)
picvec stage segmentation: 0.871s (total 3.681s)
picvec stage perceptual-smoothing: 0.959s (total 2.995s)
picvec segmentation substage setup: 0.041s
picvec stage boundary-regularization: 0.186s (total 3.867s)
picvec segmentation substage palette: 0.116s (23027 histogram cells, 1045 colours)
picvec segmentation substage initial-components: 0.028s
picvec stage edge-roles: 0.951s (total 0.952s)
picvec segmentation substage small-components: 0.170s
picvec stage paint-order-validation: 0.775s (total 34.487s)
picvec segmentation substage compact: 0.020s
picvec stage shared-geometry: 7.351s (total 22.649s)
picvec stage paint-preview: 0.033s (total 22.682s)
picvec stage paint-aware-merge: 0.431s (total 4.298s)
picvec segmentation substage antialias: 0.213s
picvec segmentation substage finalize: 0.043s (total 0.632s)
picvec stage structural-analysis: 0.800s (total 2.173s)
picvec stage thin-paint-ownership: 0.183s (total 4.481s)
picvec structural substage ownership: 0.307s
picvec structural substage outline-proposals: 0.018s
picvec structural substage outline-validation: 0.000s
picvec stage structural-analysis: 0.534s (total 1.486s)
picvec structural substage colour-patches: 0.102s
picvec stage structural-selection: 0.428s (total 23.110s)
picvec stage paint-topology-preservation: 3.121s (total 10.007s)
picvec stage paint-order-validation: 0.221s (total 23.331s)
picvec paint substage setup: 0.043s
picvec stage segmentation: 1.259s (total 4.253s)
picvec stage boundary-regularization: 0.195s (total 4.449s)
picvec hole trials: 1 calls, 0 cached rejections, serialization 0.004s, validation 0.123s
picvec stage perceptual-smoothing: 0.665s (total 2.150s)
picvec segmentation substage setup: 0.028s
picvec stage perceptual-smoothing: 0.902s (total 3.075s)
picvec stage covered-hole-simplification: 0.461s (total 23.792s)
picvec segmentation substage palette: 0.087s (17337 histogram cells, 1000 colours)
picvec segmentation substage setup: 0.035s
picvec segmentation substage initial-components: 0.018s
picvec visibility witnesses: 349/351 draws, 0.071s
picvec visibility proof shortcuts: 349 visible, 0 prefix no-op
picvec stage final-svg: 0.083s (total 23.875s)
picvec segmentation substage small-components: 0.076s
picvec segmentation substage compact: 0.007s
picvec segmentation substage palette: 0.101s (21583 histogram cells, 1125 colours)
picvec segmentation substage initial-components: 0.020s
picvec hole trials: 21 calls, 5 cached rejections, serialization 0.161s, validation 0.953s
picvec segmentation substage antialias: 0.139s
picvec segmentation substage finalize: 0.032s (total 0.387s)
picvec segmentation substage small-components: 0.181s
picvec segmentation substage compact: 0.011s
picvec stage paint-aware-merge: 0.660s (total 5.108s)
picvec stage covered-hole-simplification: 1.775s (total 36.262s)
picvec segmentation substage antialias: 0.179s
picvec segmentation substage finalize: 0.051s (total 0.578s)
picvec visibility witnesses: 1145/1167 draws, 0.119s
picvec visibility proof shortcuts: 1144 visible, 1 prefix no-op
picvec stage final-svg: 0.154s (total 36.416s)
picvec stage segmentation: 0.857s (total 3.008s)
picvec stage paint-topology-preservation: 1.710s (total 6.192s)
picvec stage thin-paint-ownership: 0.350s (total 5.458s)
picvec paint substage setup: 0.036s
picvec stage boundary-regularization: 0.131s (total 3.139s)
picvec adaptive evaluated 2548 1703 732 744: baseline=PerceptualScore { mean_delta_e: 4.272983, p90_delta_e: 12.721194, missing_edge_fraction: 0.7764858, combined: 9.340777 } refined=PerceptualScore { mean_delta_e: 1.368023, p90_delta_e: 2.6229095, missing_edge_fraction: 0.34237728, combined: 2.691906 } boundary_matches=true bytes=620875
picvec adaptive processing: source 3455 106 569 710, processing 569 710
picvec stage load-resize: 0.000s (total 0.000s)
picvec stage segmentation: 1.195s (total 4.270s)
picvec stage boundary-regularization: 0.200s (total 4.470s)
picvec stage paint-aware-merge: 0.569s (total 3.708s)
picvec stage thin-paint-ownership: 0.177s (total 3.884s)
picvec stage paint-aware-merge: 0.586s (total 5.056s)
picvec adaptive evaluated 1702 1716 736 732: baseline=PerceptualScore { mean_delta_e: 4.803068, p90_delta_e: 15.137589, missing_edge_fraction: 0.7365227, combined: 10.425984 } refined=PerceptualScore { mean_delta_e: 1.6044561, p90_delta_e: 3.1474552, missing_edge_fraction: 0.34594786, combined: 3.0188308 } boundary_matches=true bytes=985769
picvec adaptive processing: source 157 106 564 710, processing 564 710
picvec stage load-resize: 0.000s (total 0.000s)
picvec stage edge-roles: 1.033s (total 1.034s)
picvec stage thin-paint-ownership: 0.360s (total 5.416s)
picvec stage structural-analysis: 0.232s (total 1.266s)
picvec paint substage initial: 2.014s (primary solid 0, gain-bound solid 141, low-range solid 11, model search 319)
picvec stage shared-geometry: 10.942s (total 36.540s)
picvec stage paint-preview: 0.072s (total 36.612s)
picvec stage perceptual-smoothing: 0.619s (total 1.885s)
picvec segmentation substage setup: 0.028s
picvec stage edge-roles: 0.917s (total 0.917s)
picvec segmentation substage palette: 0.061s (16576 histogram cells, 803 colours)
picvec segmentation substage initial-components: 0.011s
picvec stage paint-topology-preservation: 2.373s (total 7.831s)
picvec segmentation substage small-components: 0.082s
picvec paint substage setup: 0.034s
picvec segmentation substage compact: 0.009s
picvec stage paint-topology-preservation: 1.682s (total 5.567s)
picvec paint substage setup: 0.022s
picvec segmentation substage antialias: 0.113s
picvec segmentation substage finalize: 0.036s (total 0.342s)
picvec stage structural-analysis: 0.325s (total 1.242s)
picvec paint substage initial: 4.065s (primary solid 0, gain-bound solid 259, low-range solid 21, model search 549)
picvec structural substage ownership: 0.658s
picvec structural substage outline-proposals: 0.109s
picvec stage segmentation: 0.713s (total 2.598s)
picvec structural substage outline-validation: 0.133s
picvec stage boundary-regularization: 0.144s (total 2.742s)
picvec structural substage colour-patches: 0.186s
picvec stage structural-selection: 1.086s (total 37.698s)
picvec stage perceptual-smoothing: 0.621s (total 1.863s)
picvec segmentation substage setup: 0.027s
picvec segmentation substage palette: 0.057s (12980 histogram cells, 875 colours)
picvec segmentation substage initial-components: 0.011s
picvec segmentation substage small-components: 0.056s
picvec segmentation substage compact: 0.008s
picvec segmentation substage antialias: 0.103s
picvec stage paint-aware-merge: 0.418s (total 3.160s)
picvec segmentation substage finalize: 0.035s (total 0.296s)
picvec stage thin-paint-ownership: 0.163s (total 3.323s)
picvec stage paint-topology-preservation: 2.186s (total 7.602s)
picvec paint substage setup: 0.031s
picvec stage segmentation: 0.644s (total 2.507s)
picvec adaptive evaluated 2630 114 548 694: baseline=PerceptualScore { mean_delta_e: 3.1767497, p90_delta_e: 9.365011, missing_edge_fraction: 0.66973126, combined: 7.184736 } refined=PerceptualScore { mean_delta_e: 1.1754371, p90_delta_e: 1.8503406, missing_edge_fraction: 0.35219237, combined: 2.3256602 } boundary_matches=true bytes=264190
picvec adaptive processing: source 979 106 560 710, processing 560 710
picvec stage load-resize: 0.000s (total 0.000s)
picvec stage boundary-regularization: 0.151s (total 2.659s)
picvec stage paint-order-validation: 1.007s (total 38.705s)
picvec paint substage initial: 1.823s (primary solid 0, gain-bound solid 135, low-range solid 2, model search 298)
picvec stage paint-aware-merge: 0.387s (total 3.046s)
picvec stage thin-paint-ownership: 0.146s (total 3.192s)
picvec stage edge-roles: 0.891s (total 0.892s)
picvec hole trials: 1 calls, 0 cached rejections, serialization 0.008s, validation 0.280s
picvec paint substage harmonize: 2.929s
picvec paint substage couple: 0.136s
picvec stage paint-fitting: 5.161s (total 11.352s)
picvec stage structural-analysis: 0.310s (total 1.202s)
picvec stage paint-topology-preservation: 1.667s (total 4.990s)
picvec paint substage setup: 0.025s
picvec stage covered-hole-simplification: 1.166s (total 39.871s)
picvec visibility witnesses: 848/915 draws, 0.193s
picvec stage paint-topology-preservation: 1.116s (total 4.308s)
picvec paint substage setup: 0.029s
picvec stage perceptual-smoothing: 0.602s (total 1.804s)
picvec segmentation substage setup: 0.024s
picvec segmentation substage palette: 0.047s (11544 histogram cells, 720 colours)
picvec segmentation substage initial-components: 0.008s
picvec segmentation substage small-components: 0.048s
picvec segmentation substage compact: 0.007s
picvec adaptive evaluated 3418 1685 609 784: baseline=PerceptualScore { mean_delta_e: 4.351947, p90_delta_e: 13.85738, missing_edge_fraction: 0.7931319, combined: 9.880724 } refined=PerceptualScore { mean_delta_e: 1.3813897, p90_delta_e: 2.945746, missing_edge_fraction: 0.4041209, combined: 3.0122862 } boundary_matches=true bytes=880764
picvec adaptive processing: source 152 1678 574 776, processing 574 776
picvec stage load-resize: 0.000s (total 0.000s)
picvec visibility proof shortcuts: 816 visible, 2 prefix no-op
picvec stage final-svg: 0.550s (total 40.421s)
picvec segmentation substage antialias: 0.102s
picvec segmentation substage finalize: 0.034s (total 0.270s)
picvec paint substage initial: 3.634s (primary solid 0, gain-bound solid 111, low-range solid 13, model search 542)
picvec paint substage harmonize: 1.882s
picvec paint substage initial: 2.581s (primary solid 0, gain-bound solid 162, low-range solid 16, model search 430)
picvec paint substage couple: 0.124s
picvec stage paint-fitting: 3.893s (total 9.460s)
picvec stage segmentation: 0.661s (total 2.464s)
picvec paint substage initial: 0.852s (primary solid 0, gain-bound solid 68, low-range solid 9, model search 212)
picvec stage boundary-regularization: 0.131s (total 2.596s)
picvec paint substage initial: 1.315s (primary solid 0, gain-bound solid 121, low-range solid 5, model search 278)
picvec stage paint-aware-merge: 0.318s (total 2.914s)
picvec stage edge-roles: 1.067s (total 1.067s)
picvec stage thin-paint-ownership: 0.201s (total 3.115s)
picvec paint substage harmonize: 4.348s
picvec paint substage couple: 0.300s
picvec stage paint-fitting: 8.825s (total 18.832s)
picvec stage structural-analysis: 0.594s (total 1.661s)
picvec paint substage harmonize: 1.394s
picvec paint substage couple: 0.085s
picvec stage paint-fitting: 2.398s (total 6.707s)
picvec stage perceptual-smoothing: 0.689s (total 2.350s)
picvec segmentation substage setup: 0.024s
picvec segmentation substage palette: 0.111s (26523 histogram cells, 1448 colours)
picvec segmentation substage initial-components: 0.019s
picvec segmentation substage small-components: 0.178s
picvec segmentation substage compact: 0.010s
picvec paint substage harmonize: 2.260s
picvec layered merge candidates: considered 1118, evidence 951, seam 18, layered 26, nonfinite 0, face 73, combined 46, accepted 30
picvec stage source-supported-paint-merge: 2.277s (total 11.737s)
picvec stage exact-paint-merge: 0.011s (total 11.748s)
picvec paint substage couple: 0.093s
picvec stage paint-fitting: 5.021s (total 12.623s)
picvec stage layered-paint-simplification: 0.060s (total 11.809s)
picvec segmentation substage antialias: 0.130s
picvec segmentation substage finalize: 0.035s (total 0.507s)
picvec stage residual-shape-refinement: 0.054s (total 11.863s)
picvec stage paint-topology-preservation: 1.696s (total 4.811s)
picvec paint substage setup: 0.028s
picvec layered merge candidates: considered 1212, evidence 989, seam 25, layered 34, nonfinite 0, face 111, combined 65, accepted 22
picvec stage source-supported-paint-merge: 3.815s (total 15.168s)
picvec stage exact-paint-merge: 0.017s (total 15.184s)
picvec stage layered-paint-simplification: 0.226s (total 15.410s)
picvec stage segmentation: 1.005s (total 3.356s)
picvec stage residual-shape-refinement: 0.148s (total 15.558s)
picvec paint substage harmonize: 2.651s
picvec stage boundary-regularization: 0.141s (total 3.497s)
picvec paint substage couple: 0.121s
picvec stage paint-fitting: 4.154s (total 9.144s)
picvec paint substage initial: 0.998s (primary solid 0, gain-bound solid 137, low-range solid 7, model search 194)
picvec paint substage harmonize: 3.778s
picvec paint substage couple: 0.132s
picvec stage paint-fitting: 7.634s (total 15.465s)
picvec stage paint-aware-merge: 0.805s (total 4.302s)
picvec layered merge candidates: considered 778, evidence 657, seam 24, layered 15, nonfinite 0, face 49, combined 39, accepted 9
picvec stage source-supported-paint-merge: 2.327s (total 9.034s)
picvec stage exact-paint-merge: 0.009s (total 9.043s)
picvec stage thin-paint-ownership: 0.196s (total 4.498s)
picvec stage interior-shading: 1.642s (total 13.505s)
picvec stage face-alpha: 0.004s (total 13.509s)
picvec stage hierarchical-topology: 0.001s (total 13.510s)
picvec stage layered-paint-simplification: 0.024s (total 9.067s)
picvec stage residual-shape-refinement: 0.042s (total 9.109s)
picvec stage interior-shading: 1.564s (total 17.122s)
picvec stage face-alpha: 0.004s (total 17.127s)
picvec stage hierarchical-topology: 0.002s (total 17.128s)
picvec paint substage harmonize: 1.220s
picvec stage interior-shading: 0.642s (total 9.750s)
picvec stage face-alpha: 0.004s (total 9.754s)
picvec stage hierarchical-topology: 0.001s (total 9.755s)
picvec paint substage couple: 0.098s
picvec stage paint-fitting: 2.379s (total 7.191s)
picvec stage paint-topology-preservation: 1.922s (total 6.420s)
picvec paint substage setup: 0.026s
picvec layered merge candidates: considered 2127, evidence 1776, seam 91, layered 70, nonfinite 0, face 129, combined 93, accepted 38
picvec stage source-supported-paint-merge: 4.975s (total 23.806s)
picvec stage exact-paint-merge: 0.018s (total 23.824s)
picvec layered merge candidates: considered 1610, evidence 1358, seam 69, layered 45, nonfinite 0, face 94, combined 66, accepted 23
picvec stage source-supported-paint-merge: 4.002s (total 16.625s)
picvec stage exact-paint-merge: 0.013s (total 16.637s)
picvec layered merge candidates: considered 1081, evidence 894, seam 52, layered 23, nonfinite 0, face 66, combined 48, accepted 21
picvec stage source-supported-paint-merge: 3.386s (total 12.531s)
picvec stage exact-paint-merge: 0.010s (total 12.540s)
picvec stage layered-paint-simplification: 0.414s (total 24.238s)
picvec stage layered-paint-simplification: 0.022s (total 12.563s)
picvec stage residual-shape-refinement: 0.013s (total 12.576s)
picvec layered merge candidates: considered 823, evidence 700, seam 23, layered 22, nonfinite 0, face 52, combined 33, accepted 15
picvec stage source-supported-paint-merge: 2.056s (total 9.247s)
picvec stage exact-paint-merge: 0.009s (total 9.256s)
picvec stage layered-paint-simplification: 0.531s (total 17.168s)
picvec stage layered-paint-simplification: 0.133s (total 9.389s)
picvec stage residual-shape-refinement: 0.134s (total 9.523s)
picvec stage residual-shape-refinement: 0.637s (total 24.875s)
picvec layered merge candidates: considered 1788, evidence 1464, seam 64, layered 53, nonfinite 0, face 136, combined 81, accepted 43
picvec stage source-supported-paint-merge: 3.761s (total 19.227s)
picvec stage exact-paint-merge: 0.015s (total 19.242s)
picvec stage interior-shading: 1.020s (total 13.595s)
picvec stage face-alpha: 0.005s (total 13.600s)
picvec stage hierarchical-topology: 0.002s (total 13.602s)
picvec stage residual-shape-refinement: 0.744s (total 17.912s)
picvec stage interior-shading: 0.646s (total 10.169s)
picvec stage face-alpha: 0.003s (total 10.173s)
picvec stage hierarchical-topology: 0.001s (total 10.174s)
picvec adaptive evaluated 2596 2538 601 782: baseline=PerceptualScore { mean_delta_e: 5.0865417, p90_delta_e: 14.652407, missing_edge_fraction: 0.7842865, combined: 10.502766 } refined=PerceptualScore { mean_delta_e: 1.9245104, p90_delta_e: 3.6627429, missing_edge_fraction: 0.3525819, combined: 3.3888724 } boundary_matches=true bytes=773013
picvec adaptive processing: source 1799 106 566 710, processing 566 710
picvec stage load-resize: 0.000s (total 0.000s)
picvec stage shared-geometry: 4.525s (total 18.035s)
picvec stage paint-preview: 0.027s (total 18.062s)
picvec structural substage ownership: 0.148s
picvec structural substage outline-proposals: 0.000s
picvec structural substage outline-validation: 0.000s
picvec stage edge-roles: 0.912s (total 0.913s)
picvec structural substage colour-patches: 0.073s
picvec stage structural-selection: 0.222s (total 18.284s)
picvec stage paint-order-validation: 0.270s (total 18.553s)
picvec stage layered-paint-simplification: 1.688s (total 20.930s)
picvec stage structural-analysis: 0.325s (total 1.238s)
picvec hole trials: 3 calls, 1 cached rejections, serialization 0.005s, validation 0.013s
picvec paint substage initial: 3.298s (primary solid 0, gain-bound solid 240, low-range solid 4, model search 476)
picvec stage covered-hole-simplification: 0.272s (total 18.825s)
picvec stage interior-shading: 1.768s (total 19.680s)
picvec stage face-alpha: 0.004s (total 19.683s)
picvec stage hierarchical-topology: 0.002s (total 19.685s)
picvec visibility witnesses: 447/453 draws, 0.054s
picvec visibility proof shortcuts: 447 visible, 2 prefix no-op
picvec stage final-svg: 0.065s (total 18.890s)
picvec stage perceptual-smoothing: 0.614s (total 1.851s)
picvec segmentation substage setup: 0.030s
picvec segmentation substage palette: 0.058s (14229 histogram cells, 948 colours)
picvec segmentation substage initial-components: 0.009s
picvec segmentation substage small-components: 0.061s
picvec segmentation substage compact: 0.007s
picvec segmentation substage antialias: 0.094s
picvec segmentation substage finalize: 0.035s (total 0.294s)
picvec stage interior-shading: 3.003s (total 27.877s)
picvec stage face-alpha: 0.007s (total 27.884s)
picvec stage hierarchical-topology: 0.003s (total 27.887s)
picvec stage residual-shape-refinement: 1.184s (total 22.114s)
picvec stage segmentation: 0.607s (total 2.458s)
picvec stage boundary-regularization: 0.146s (total 2.603s)
picvec stage paint-aware-merge: 0.454s (total 3.057s)
picvec stage shared-geometry: 6.312s (total 16.067s)
picvec stage thin-paint-ownership: 0.129s (total 3.186s)
picvec stage paint-preview: 0.026s (total 16.094s)
picvec structural substage ownership: 0.261s
picvec structural substage outline-proposals: 0.160s
picvec structural substage outline-validation: 0.053s
picvec structural substage colour-patches: 0.060s
picvec stage structural-selection: 0.535s (total 16.628s)
picvec stage paint-order-validation: 0.227s (total 16.855s)
picvec stage shared-geometry: 7.401s (total 24.529s)
picvec stage paint-preview: 0.034s (total 24.564s)
picvec hole trials: 5 calls, 1 cached rejections, serialization 0.010s, validation 0.109s
picvec stage covered-hole-simplification: 0.389s (total 17.244s)
picvec visibility witnesses: 322/324 draws, 0.055s
picvec visibility proof shortcuts: 322 visible, 0 prefix no-op
picvec stage final-svg: 0.061s (total 17.305s)
picvec structural substage ownership: 0.414s
picvec paint substage harmonize: 3.112s
picvec structural substage outline-proposals: 0.105s
picvec structural substage outline-validation: 0.072s
picvec paint substage couple: 0.230s
picvec stage paint-fitting: 6.714s (total 13.133s)
picvec structural substage colour-patches: 0.094s
picvec stage structural-selection: 0.685s (total 25.248s)
picvec stage paint-topology-preservation: 1.752s (total 4.938s)
picvec paint substage setup: 0.026s
picvec stage interior-shading: 2.821s (total 24.934s)
picvec stage face-alpha: 0.023s (total 24.958s)
picvec stage hierarchical-topology: 0.004s (total 24.962s)
picvec stage shared-geometry: 5.428s (total 15.602s)
picvec stage paint-preview: 0.026s (total 15.628s)
picvec stage paint-order-validation: 0.736s (total 25.984s)
picvec structural substage ownership: 0.225s
picvec structural substage outline-proposals: 0.062s
picvec structural substage outline-validation: 0.054s
picvec structural substage colour-patches: 0.084s
picvec stage structural-selection: 0.425s (total 16.053s)
picvec paint substage initial: 1.119s (primary solid 0, gain-bound solid 82, low-range solid 12, model search 234)
picvec stage shared-geometry: 6.486s (total 20.087s)
picvec stage paint-preview: 0.032s (total 20.119s)
picvec hole trials: 9 calls, 3 cached rejections, serialization 0.016s, validation 0.251s
picvec hole trials: 9 calls, 1 cached rejections, serialization 0.035s, validation 0.470s
picvec stage covered-hole-simplification: 0.704s (total 16.756s)
picvec stage covered-hole-simplification: 0.992s (total 26.976s)
picvec visibility witnesses: 377/387 draws, 0.067s
picvec visibility proof shortcuts: 377 visible, 0 prefix no-op
picvec stage final-svg: 0.088s (total 16.845s)
picvec structural substage ownership: 0.363s
picvec structural substage outline-proposals: 0.001s
picvec structural substage outline-validation: 0.000s
picvec visibility witnesses: 488/504 draws, 0.073s
picvec structural substage colour-patches: 0.083s
picvec stage structural-selection: 0.446s (total 20.565s)
picvec visibility proof shortcuts: 471 visible, 0 prefix no-op
picvec stage final-svg: 0.147s (total 27.123s)
picvec stage paint-order-validation: 0.234s (total 20.799s)
picvec hole trials: 1 calls, 0 cached rejections, serialization 0.004s, validation 0.098s
picvec adaptive evaluated 995 3319 518 690: baseline=PerceptualScore { mean_delta_e: 3.2630596, p90_delta_e: 9.076787, missing_edge_fraction: 0.7469304, combined: 7.339883 } refined=PerceptualScore { mean_delta_e: 1.2830933, p90_delta_e: 1.6185126, missing_edge_fraction: 0.36630288, combined: 2.3237057 } boundary_matches=true bytes=331901
picvec adaptive processing: source 77 2574 700 709, processing 700 709
picvec stage load-resize: 0.000s (total 0.000s)
picvec stage covered-hole-simplification: 0.442s (total 21.242s)
picvec stage shared-geometry: 5.820s (total 25.506s)
picvec stage paint-preview: 0.046s (total 25.552s)
picvec visibility witnesses: 422/422 draws, 0.077s
picvec visibility proof shortcuts: 422 visible, 0 prefix no-op
picvec stage final-svg: 0.087s (total 21.329s)
picvec paint substage harmonize: 1.327s
picvec paint substage couple: 0.109s
picvec stage paint-fitting: 2.621s (total 7.560s)
picvec adaptive evaluated 165 114 548 694: baseline=PerceptualScore { mean_delta_e: 3.088311, p90_delta_e: 9.4304085, missing_edge_fraction: 0.62247837, combined: 7.0293384 } refined=PerceptualScore { mean_delta_e: 0.8990537, p90_delta_e: 1.7352393, missing_edge_fraction: 0.31340057, combined: 2.0388715 } boundary_matches=true bytes=234899
picvec adaptive processing: source 3373 2582 709 729, processing 709 729
picvec stage load-resize: 0.000s (total 0.000s)
picvec structural substage ownership: 0.210s
picvec structural substage outline-proposals: 0.036s
picvec structural substage outline-validation: 0.079s
picvec structural substage colour-patches: 0.112s
picvec stage structural-selection: 0.437s (total 25.989s)
picvec stage edge-roles: 1.114s (total 1.114s)
picvec stage paint-order-validation: 0.622s (total 26.611s)
picvec stage edge-roles: 1.165s (total 1.165s)
picvec stage structural-analysis: 0.563s (total 1.677s)
picvec layered merge candidates: considered 1856, evidence 1545, seam 84, layered 60, nonfinite 0, face 123, combined 71, accepted 33
picvec stage source-supported-paint-merge: 4.212s (total 17.346s)
picvec hole trials: 13 calls, 2 cached rejections, serialization 0.055s, validation 0.285s
picvec stage exact-paint-merge: 0.013s (total 17.359s)
picvec stage covered-hole-simplification: 0.792s (total 27.403s)
picvec visibility witnesses: 646/656 draws, 0.089s
picvec visibility proof shortcuts: 646 visible, 0 prefix no-op
picvec stage final-svg: 0.107s (total 27.510s)
picvec stage structural-analysis: 0.685s (total 1.850s)
picvec stage shared-geometry: 7.400s (total 35.287s)
picvec stage perceptual-smoothing: 0.775s (total 2.452s)
picvec segmentation substage setup: 0.029s
picvec stage paint-preview: 0.058s (total 35.345s)
picvec segmentation substage palette: 0.081s (18019 histogram cells, 954 colours)
picvec segmentation substage initial-components: 0.015s
picvec segmentation substage small-components: 0.116s
picvec stage layered-paint-simplification: 0.934s (total 18.293s)
picvec segmentation substage compact: 0.010s
picvec segmentation substage antialias: 0.122s
picvec segmentation substage finalize: 0.040s (total 0.413s)
picvec adaptive evaluated 3463 114 553 694: baseline=PerceptualScore { mean_delta_e: 3.569568, p90_delta_e: 9.279533, missing_edge_fraction: 0.7567717, combined: 7.588434 } refined=PerceptualScore { mean_delta_e: 1.0160459, p90_delta_e: 1.8752949, missing_edge_fraction: 0.39800996, combined: 2.4013684 } boundary_matches=true bytes=303721
picvec adaptive processing: source 3383 4082 661 730, processing 661 730
picvec stage load-resize: 0.000s (total 0.000s)
picvec stage perceptual-smoothing: 0.771s (total 2.621s)
picvec segmentation substage setup: 0.041s
picvec structural substage ownership: 0.518s
picvec structural substage outline-proposals: 0.004s
picvec structural substage outline-validation: 0.000s
picvec segmentation substage palette: 0.076s (16729 histogram cells, 897 colours)
picvec segmentation substage initial-components: 0.017s
picvec segmentation substage small-components: 0.095s
picvec structural substage colour-patches: 0.153s
picvec stage structural-selection: 0.674s (total 36.020s)
picvec segmentation substage compact: 0.012s
picvec segmentation substage antialias: 0.152s
picvec segmentation substage finalize: 0.043s (total 0.436s)
picvec stage segmentation: 0.945s (total 3.397s)
picvec stage boundary-regularization: 0.169s (total 3.565s)
picvec stage paint-order-validation: 0.404s (total 36.423s)
picvec stage segmentation: 0.766s (total 3.387s)
picvec stage residual-shape-refinement: 1.071s (total 19.363s)
picvec stage boundary-regularization: 0.173s (total 3.560s)
picvec stage paint-aware-merge: 0.310s (total 3.875s)
picvec stage edge-roles: 1.186s (total 1.186s)
picvec adaptive evaluated 3403 912 685 668: baseline=PerceptualScore { mean_delta_e: 3.1897044, p90_delta_e: 9.524302, missing_edge_fraction: 0.74477863, combined: 7.4794235 } refined=PerceptualScore { mean_delta_e: 1.2092404, p90_delta_e: 2.0901978, missing_edge_fraction: 0.30075186, combined: 2.2824929 } boundary_matches=true bytes=356387
picvec adaptive processing: source 917 900 697 690, processing 697 690
picvec stage load-resize: 0.000s (total 0.000s)
picvec adaptive evaluated 987 114 544 694: baseline=PerceptualScore { mean_delta_e: 3.0235484, p90_delta_e: 7.910226, missing_edge_fraction: 0.7413793, combined: 6.748825 } refined=PerceptualScore { mean_delta_e: 1.2376082, p90_delta_e: 2.2567863, missing_edge_fraction: 0.44043887, combined: 2.7809548 } boundary_matches=true bytes=259262
picvec adaptive processing: source 1746 4129 643 690, processing 643 690
picvec stage load-resize: 0.000s (total 0.000s)
picvec stage thin-paint-ownership: 0.373s (total 4.248s)
picvec stage paint-aware-merge: 0.521s (total 4.082s)
picvec stage thin-paint-ownership: 0.164s (total 4.246s)
picvec stage structural-analysis: 0.556s (total 1.742s)
picvec hole trials: 17 calls, 4 cached rejections, serialization 0.092s, validation 0.772s
picvec stage covered-hole-simplification: 1.417s (total 37.840s)
picvec visibility witnesses: 877/893 draws, 0.119s
picvec visibility proof shortcuts: 877 visible, 0 prefix no-op
picvec stage final-svg: 0.144s (total 37.984s)
picvec stage edge-roles: 0.999s (total 0.999s)
picvec stage edge-roles: 1.137s (total 1.138s)
picvec stage perceptual-smoothing: 0.754s (total 2.496s)
picvec segmentation substage setup: 0.031s
picvec stage structural-analysis: 0.324s (total 1.323s)
picvec segmentation substage palette: 0.083s (18427 histogram cells, 876 colours)
picvec segmentation substage initial-components: 0.017s
picvec stage structural-analysis: 0.331s (total 1.468s)
picvec segmentation substage small-components: 0.143s
picvec segmentation substage compact: 0.014s
picvec segmentation substage antialias: 0.175s
picvec segmentation substage finalize: 0.050s (total 0.512s)
picvec stage paint-topology-preservation: 1.692s (total 5.940s)
picvec layered merge candidates: considered 850, evidence 684, seam 34, layered 32, nonfinite 0, face 67, combined 45, accepted 20
picvec stage source-supported-paint-merge: 5.662s (total 13.222s)
picvec paint substage setup: 0.029s
picvec stage exact-paint-merge: 0.011s (total 13.233s)
picvec stage layered-paint-simplification: 0.116s (total 13.349s)
picvec stage residual-shape-refinement: 0.069s (total 13.418s)
picvec stage perceptual-smoothing: 0.749s (total 2.072s)
picvec segmentation substage setup: 0.036s
picvec segmentation substage palette: 0.066s (13276 histogram cells, 676 colours)
picvec segmentation substage initial-components: 0.011s
picvec stage interior-shading: 2.628s (total 21.991s)
picvec segmentation substage small-components: 0.059s
picvec stage face-alpha: 0.016s (total 22.007s)
picvec stage hierarchical-topology: 0.002s (total 22.009s)
picvec segmentation substage compact: 0.013s
picvec stage segmentation: 1.020s (total 3.516s)
picvec stage perceptual-smoothing: 0.854s (total 2.322s)
picvec segmentation substage setup: 0.035s
picvec segmentation substage antialias: 0.107s
picvec segmentation substage palette: 0.062s (14468 histogram cells, 861 colours)
picvec segmentation substage initial-components: 0.013s
picvec segmentation substage finalize: 0.045s (total 0.338s)
picvec stage boundary-regularization: 0.188s (total 3.704s)
picvec segmentation substage small-components: 0.074s
picvec segmentation substage compact: 0.012s
picvec segmentation substage antialias: 0.145s
picvec segmentation substage finalize: 0.053s (total 0.394s)
picvec stage segmentation: 0.631s (total 2.703s)
picvec stage paint-topology-preservation: 2.352s (total 6.598s)
picvec stage interior-shading: 0.781s (total 14.199s)
picvec paint substage setup: 0.035s
picvec stage face-alpha: 0.004s (total 14.204s)
picvec stage hierarchical-topology: 0.001s (total 14.204s)
picvec stage boundary-regularization: 0.171s (total 2.874s)
picvec stage shared-geometry: 9.071s (total 34.032s)
picvec stage paint-aware-merge: 0.485s (total 4.190s)
picvec stage paint-preview: 0.059s (total 34.091s)
picvec stage segmentation: 0.755s (total 3.078s)
picvec stage paint-aware-merge: 0.261s (total 3.134s)
picvec stage thin-paint-ownership: 0.254s (total 4.444s)
picvec stage boundary-regularization: 0.182s (total 3.259s)
picvec stage thin-paint-ownership: 0.178s (total 3.313s)
picvec structural substage ownership: 0.699s
picvec paint substage initial: 1.863s (primary solid 0, gain-bound solid 222, low-range solid 3, model search 373)
picvec structural substage outline-proposals: 0.072s
picvec stage paint-aware-merge: 0.589s (total 3.849s)
picvec adaptive evaluated 2539 4106 681 707: baseline=PerceptualScore { mean_delta_e: 3.4259088, p90_delta_e: 9.904074, missing_edge_fraction: 0.78804564, combined: 7.867425 } refined=PerceptualScore { mean_delta_e: 1.2273322, p90_delta_e: 2.1902995, missing_edge_fraction: 0.35666534, combined: 2.4984155 } boundary_matches=true bytes=510375
picvec adaptive processing: source 63 3315 710 692, processing 710 692
picvec stage load-resize: 0.000s (total 0.000s)
picvec structural substage outline-validation: 0.123s
picvec stage thin-paint-ownership: 0.173s (total 4.022s)
picvec structural substage colour-patches: 0.149s
picvec stage structural-selection: 1.043s (total 35.135s)
picvec stage paint-order-validation: 0.422s (total 35.556s)
picvec stage paint-topology-preservation: 1.250s (total 4.563s)
picvec paint substage setup: 0.029s
picvec paint substage initial: 2.098s (primary solid 0, gain-bound solid 63, low-range solid 6, model search 325)
picvec stage paint-topology-preservation: 1.735s (total 6.179s)
picvec paint substage setup: 0.028s
picvec stage edge-roles: 1.225s (total 1.225s)
picvec hole trials: 11 calls, 2 cached rejections, serialization 0.058s, validation 0.477s
picvec stage structural-analysis: 0.450s (total 1.675s)
picvec stage covered-hole-simplification: 1.162s (total 36.718s)
picvec visibility witnesses: 703/718 draws, 0.122s
picvec visibility proof shortcuts: 703 visible, 1 prefix no-op
picvec stage final-svg: 0.156s (total 36.874s)
picvec stage paint-topology-preservation: 1.803s (total 5.824s)
picvec paint substage setup: 0.038s
picvec paint substage initial: 1.258s (primary solid 0, gain-bound solid 57, low-range solid 5, model search 220)
picvec stage perceptual-smoothing: 0.838s (total 2.513s)
picvec segmentation substage setup: 0.038s
picvec segmentation substage palette: 0.106s (23800 histogram cells, 1117 colours)
picvec paint substage harmonize: 2.764s
picvec segmentation substage initial-components: 0.018s
picvec paint substage couple: 0.139s
picvec stage paint-fitting: 4.847s (total 10.787s)
picvec segmentation substage small-components: 0.231s
picvec segmentation substage compact: 0.017s
picvec segmentation substage antialias: 0.158s
picvec segmentation substage finalize: 0.048s (total 0.616s)
picvec paint substage harmonize: 1.138s
picvec paint substage couple: 0.101s
picvec stage paint-fitting: 2.571s (total 7.134s)
picvec paint substage initial: 2.179s (primary solid 0, gain-bound solid 102, low-range solid 9, model search 383)
picvec paint substage initial: 1.487s (primary solid 0, gain-bound solid 62, low-range solid 10, model search 288)
picvec paint substage harmonize: 2.462s
picvec stage segmentation: 1.094s (total 3.607s)
picvec paint substage couple: 0.076s
picvec stage paint-fitting: 4.719s (total 11.317s)
picvec stage boundary-regularization: 0.191s (total 3.798s)
picvec stage shared-geometry: 5.416s (total 27.426s)
picvec stage paint-preview: 0.054s (total 27.480s)
picvec structural substage ownership: 0.399s
picvec structural substage outline-proposals: 0.003s
picvec structural substage outline-validation: 0.000s
picvec structural substage colour-patches: 0.157s
picvec stage structural-selection: 0.558s (total 28.038s)
picvec stage paint-aware-merge: 0.797s (total 4.595s)
picvec stage shared-geometry: 5.795s (total 19.999s)
picvec stage paint-preview: 0.029s (total 20.028s)
picvec stage thin-paint-ownership: 0.247s (total 4.842s)
picvec stage paint-order-validation: 0.465s (total 28.503s)
picvec structural substage ownership: 0.172s
picvec structural substage outline-proposals: 0.002s
picvec structural substage outline-validation: 0.000s
picvec paint substage harmonize: 1.676s
picvec structural substage colour-patches: 0.087s
picvec stage structural-selection: 0.260s (total 20.288s)
picvec paint substage couple: 0.155s
picvec stage paint-fitting: 4.086s (total 10.265s)
picvec hole trials: 1 calls, 0 cached rejections, serialization 0.006s, validation 0.167s
picvec hole trials: 9 calls, 3 cached rejections, serialization 0.018s, validation 0.262s
picvec adaptive evaluated 84 4089 690 725: baseline=PerceptualScore { mean_delta_e: 3.8221424, p90_delta_e: 10.867838, missing_edge_fraction: 0.7006117, combined: 8.168934 } refined=PerceptualScore { mean_delta_e: 1.3806785, p90_delta_e: 2.8112571, missing_edge_fraction: 0.32385752, combined: 2.7173808 } boundary_matches=true bytes=614735
picvec adaptive processing: source 1740 3316 650 697, processing 650 697
picvec stage load-resize: 0.000s (total 0.000s)
picvec stage covered-hole-simplification: 0.666s (total 29.169s)
picvec stage covered-hole-simplification: 0.582s (total 20.870s)
picvec visibility witnesses: 341/342 draws, 0.059s
picvec visibility witnesses: 760/771 draws, 0.096s
picvec visibility proof shortcuts: 341 visible, 0 prefix no-op
picvec stage final-svg: 0.066s (total 20.937s)
picvec visibility proof shortcuts: 760 visible, 0 prefix no-op
picvec stage final-svg: 0.118s (total 29.287s)
picvec layered merge candidates: considered 1462, evidence 1247, seam 24, layered 40, nonfinite 0, face 82, combined 75, accepted 34
picvec stage source-supported-paint-merge: 3.097s (total 13.883s)
picvec stage exact-paint-merge: 0.014s (total 13.897s)
picvec stage layered-paint-simplification: 0.058s (total 13.955s)
picvec stage residual-shape-refinement: 0.018s (total 13.973s)
picvec stage edge-roles: 1.084s (total 1.084s)
picvec layered merge candidates: considered 1097, evidence 910, seam 41, layered 35, nonfinite 0, face 62, combined 60, accepted 24
picvec stage source-supported-paint-merge: 3.176s (total 14.493s)
picvec stage exact-paint-merge: 0.013s (total 14.507s)
picvec stage paint-topology-preservation: 2.251s (total 7.093s)
picvec paint substage setup: 0.037s
picvec stage structural-analysis: 0.496s (total 1.580s)
picvec stage layered-paint-simplification: 0.422s (total 14.928s)
picvec layered merge candidates: considered 738, evidence 634, seam 16, layered 14, nonfinite 0, face 28, combined 44, accepted 16
picvec stage source-supported-paint-merge: 3.968s (total 11.102s)
picvec stage exact-paint-merge: 0.013s (total 11.115s)
picvec stage layered-paint-simplification: 0.111s (total 11.226s)
picvec paint substage harmonize: 3.882s
picvec paint substage couple: 0.089s
picvec stage paint-fitting: 5.542s (total 11.366s)
picvec stage residual-shape-refinement: 0.196s (total 11.422s)
picvec stage residual-shape-refinement: 0.451s (total 15.379s)
picvec stage interior-shading: 1.721s (total 15.693s)
picvec stage face-alpha: 0.014s (total 15.707s)
picvec stage hierarchical-topology: 0.002s (total 15.709s)
picvec stage perceptual-smoothing: 0.757s (total 2.336s)
picvec segmentation substage setup: 0.030s
picvec layered merge candidates: considered 1341, evidence 1145, seam 27, layered 26, nonfinite 0, face 50, combined 83, accepted 36
picvec stage source-supported-paint-merge: 2.778s (total 13.044s)
picvec stage exact-paint-merge: 0.013s (total 13.056s)
picvec segmentation substage palette: 0.062s (14764 histogram cells, 680 colours)
picvec segmentation substage initial-components: 0.011s
picvec segmentation substage small-components: 0.125s
picvec segmentation substage compact: 0.012s
picvec segmentation substage antialias: 0.150s
picvec segmentation substage finalize: 0.046s (total 0.437s)
picvec stage interior-shading: 0.934s (total 12.356s)
picvec stage face-alpha: 0.006s (total 12.361s)
picvec stage hierarchical-topology: 0.002s (total 12.363s)
picvec stage segmentation: 0.853s (total 3.190s)
picvec stage boundary-regularization: 0.161s (total 3.350s)
picvec stage paint-aware-merge: 0.362s (total 3.713s)
picvec stage interior-shading: 1.612s (total 16.991s)
picvec stage face-alpha: 0.016s (total 17.008s)
picvec stage hierarchical-topology: 0.003s (total 17.010s)
picvec stage thin-paint-ownership: 0.256s (total 3.969s)
picvec stage layered-paint-simplification: 2.652s (total 15.708s)
picvec paint substage initial: 3.615s (primary solid 0, gain-bound solid 331, low-range solid 12, model search 608)
picvec stage residual-shape-refinement: 0.255s (total 15.963s)
picvec stage paint-topology-preservation: 1.744s (total 5.713s)
picvec paint substage setup: 0.030s
picvec adaptive evaluated 160 1686 558 760: baseline=PerceptualScore { mean_delta_e: 3.783501, p90_delta_e: 10.782241, missing_edge_fraction: 0.8159824, combined: 8.463419 } refined=PerceptualScore { mean_delta_e: 1.3155341, p90_delta_e: 2.5653124, missing_edge_fraction: 0.38929617, combined: 2.7860038 } boundary_matches=true bytes=607334
picvec adaptive processing: source 967 2544 580 732, processing 580 732
picvec stage load-resize: 0.000s (total 0.000s)
picvec adaptive evaluated 1807 114 550 694: baseline=PerceptualScore { mean_delta_e: 3.2021854, p90_delta_e: 7.6787443, missing_edge_fraction: 0.7649667, combined: 6.8073816 } refined=PerceptualScore { mean_delta_e: 1.4011103, p90_delta_e: 2.5084872, missing_edge_fraction: 0.37176645, combined: 2.749194 } boundary_matches=true bytes=230196
picvec adaptive processing: source 2521 3384 733 556, processing 733 556
picvec stage load-resize: 0.000s (total 0.000s)
picvec layered merge candidates: considered 977, evidence 781, seam 27, layered 33, nonfinite 0, face 91, combined 56, accepted 22
picvec stage source-supported-paint-merge: 5.038s (total 16.405s)
picvec stage exact-paint-merge: 0.013s (total 16.418s)
picvec stage layered-paint-simplification: 0.065s (total 16.483s)
picvec stage residual-shape-refinement: 0.022s (total 16.506s)
picvec stage interior-shading: 1.838s (total 17.801s)
picvec stage face-alpha: 0.005s (total 17.806s)
picvec stage hierarchical-topology: 0.002s (total 17.808s)
picvec paint substage initial: 1.722s (primary solid 0, gain-bound solid 158, low-range solid 8, model search 308)
picvec stage edge-roles: 1.050s (total 1.051s)
picvec stage edge-roles: 0.946s (total 0.947s)
picvec stage structural-analysis: 0.359s (total 1.306s)
picvec stage structural-analysis: 0.376s (total 1.427s)
picvec stage shared-geometry: 6.110s (total 21.819s)
picvec stage paint-preview: 0.042s (total 21.861s)
picvec stage interior-shading: 1.454s (total 17.959s)
picvec stage face-alpha: 0.004s (total 17.963s)
picvec stage hierarchical-topology: 0.002s (total 17.966s)
picvec structural substage ownership: 0.470s
picvec stage perceptual-smoothing: 0.696s (total 2.122s)
picvec stage perceptual-smoothing: 0.716s (total 2.022s)
picvec segmentation substage setup: 0.027s
picvec segmentation substage setup: 0.027s
picvec segmentation substage palette: 0.075s (18745 histogram cells, 964 colours)
picvec segmentation substage palette: 0.067s (16211 histogram cells, 979 colours)
picvec segmentation substage initial-components: 0.021s
picvec segmentation substage initial-components: 0.012s
picvec segmentation substage small-components: 0.109s
picvec segmentation substage small-components: 0.115s
picvec segmentation substage compact: 0.013s
picvec segmentation substage compact: 0.011s
picvec segmentation substage antialias: 0.121s
picvec segmentation substage antialias: 0.121s
picvec structural substage outline-proposals: 0.398s
picvec segmentation substage finalize: 0.031s (total 0.384s)
picvec segmentation substage finalize: 0.045s (total 0.412s)
picvec structural substage outline-validation: 0.083s
picvec paint substage harmonize: 1.865s
picvec structural substage colour-patches: 0.143s
picvec stage structural-selection: 1.095s (total 22.956s)
picvec paint substage couple: 0.144s
picvec stage paint-fitting: 3.801s (total 9.514s)
picvec stage segmentation: 0.862s (total 2.984s)
picvec stage segmentation: 0.981s (total 3.003s)
picvec stage boundary-regularization: 0.173s (total 3.157s)
picvec stage boundary-regularization: 0.165s (total 3.169s)
picvec stage shared-geometry: 7.034s (total 19.397s)
picvec stage paint-preview: 0.032s (total 19.429s)
picvec stage paint-aware-merge: 0.383s (total 3.539s)
picvec structural substage ownership: 0.264s
picvec structural substage outline-proposals: 0.001s
picvec structural substage outline-validation: 0.000s
picvec stage paint-aware-merge: 0.409s (total 3.578s)
picvec structural substage colour-patches: 0.066s
picvec stage structural-selection: 0.339s (total 19.767s)
picvec stage thin-paint-ownership: 0.236s (total 3.775s)
picvec paint substage harmonize: 5.255s
picvec stage thin-paint-ownership: 0.153s (total 3.731s)
picvec stage paint-order-validation: 1.116s (total 24.072s)
picvec stage paint-order-validation: 0.325s (total 20.093s)
picvec paint substage couple: 0.303s
picvec stage paint-fitting: 9.263s (total 16.357s)
picvec hole trials: 1 calls, 0 cached rejections, serialization 0.002s, validation 0.081s
picvec stage covered-hole-simplification: 0.367s (total 20.460s)
picvec visibility witnesses: 276/302 draws, 0.059s
picvec visibility proof shortcuts: 275 visible, 9 prefix no-op
picvec stage final-svg: 0.080s (total 20.540s)
picvec hole trials: 1 calls, 0 cached rejections, serialization 0.006s, validation 0.101s
picvec stage shared-geometry: 7.717s (total 24.728s)
picvec stage paint-preview: 0.030s (total 24.758s)
picvec adaptive evaluated 881 1726 743 704: baseline=PerceptualScore { mean_delta_e: 3.7926443, p90_delta_e: 11.266157, missing_edge_fraction: 0.75666666, combined: 8.483152 } refined=PerceptualScore { mean_delta_e: 1.3709412, p90_delta_e: 2.6998894, missing_edge_fraction: 0.38060606, combined: 2.8386974 } boundary_matches=true bytes=690864
picvec structural substage ownership: 0.193s
picvec structural substage outline-proposals: 0.002s
picvec structural substage outline-validation: 0.000s
picvec stage covered-hole-simplification: 1.210s (total 25.282s)
picvec structural substage colour-patches: 0.081s
picvec stage structural-selection: 0.276s (total 25.034s)
picvec visibility witnesses: 507/675 draws, 0.076s
picvec stage paint-topology-preservation: 1.492s (total 5.223s)
picvec paint substage setup: 0.018s
picvec layered merge candidates: considered 1211, evidence 1029, seam 55, layered 24, nonfinite 0, face 61, combined 47, accepted 19
picvec stage source-supported-paint-merge: 2.823s (total 12.337s)
picvec stage exact-paint-merge: 0.011s (total 12.348s)
picvec visibility slow omission: draw 7, 10 tiles, unchanged true, 0.610s, bounds [212.302, 105.287, 465.619, 186.294]
picvec paint substage initial: 0.424s (primary solid 0, gain-bound solid 171, low-range solid 4, model search 330)
picvec stage paint-order-validation: 0.664s (total 25.698s)
picvec stage shared-geometry: 5.334s (total 23.142s)
picvec stage paint-preview: 0.033s (total 23.175s)
picvec stage paint-topology-preservation: 2.137s (total 5.912s)
picvec paint substage setup: 0.033s
picvec structural substage ownership: 0.461s
picvec structural substage outline-proposals: 0.003s
picvec structural substage outline-validation: 0.071s
picvec structural substage colour-patches: 0.087s
picvec stage structural-selection: 0.623s (total 23.798s)
picvec hole trials: 1 calls, 0 cached rejections, serialization 0.004s, validation 0.103s
picvec stage covered-hole-simplification: 0.998s (total 26.696s)
picvec visibility witnesses: 420/425 draws, 0.062s
picvec visibility proof shortcuts: 419 visible, 0 prefix no-op
picvec stage final-svg: 0.077s (total 26.773s)
picvec stage paint-order-validation: 0.430s (total 24.228s)
picvec visibility proof shortcuts: 402 visible, 10 prefix no-op
picvec stage final-svg: 2.238s (total 27.520s)
picvec paint substage initial: 1.408s (primary solid 0, gain-bound solid 129, low-range solid 6, model search 347)
picvec hole trials: 1 calls, 0 cached rejections, serialization 0.005s, validation 0.055s
picvec stage covered-hole-simplification: 1.315s (total 25.543s)
picvec visibility witnesses: 495/515 draws, 0.086s
picvec visibility proof shortcuts: 495 visible, 4 prefix no-op
picvec stage final-svg: 0.117s (total 25.660s)
picvec paint substage harmonize: 2.657s
picvec stage shared-geometry: 6.654s (total 24.620s)
picvec stage paint-preview: 0.029s (total 24.649s)
picvec paint substage couple: 0.163s
picvec stage paint-fitting: 3.289s (total 8.513s)
picvec structural substage ownership: 0.265s
picvec structural substage outline-proposals: 0.078s
picvec paint substage harmonize: 1.526s
picvec structural substage outline-validation: 0.062s
picvec paint substage couple: 0.093s
picvec stage paint-fitting: 3.112s (total 9.024s)
picvec stage layered-paint-simplification: 3.329s (total 15.677s)
picvec structural substage colour-patches: 0.095s
picvec stage structural-selection: 0.500s (total 25.149s)
picvec stage paint-order-validation: 0.311s (total 25.460s)
picvec stage residual-shape-refinement: 0.460s (total 16.137s)
picvec adaptive evaluated 1755 4138 625 672: baseline=PerceptualScore { mean_delta_e: 2.6787884, p90_delta_e: 6.1758375, missing_edge_fraction: 0.7464366, combined: 5.9150996 } refined=PerceptualScore { mean_delta_e: 1.0395025, p90_delta_e: 2.2458925, missing_edge_fraction: 0.32333082, combined: 2.3361256 } boundary_matches=true bytes=194904
picvec hole trials: 19 calls, 3 cached rejections, serialization 0.058s, validation 0.298s
picvec stage covered-hole-simplification: 0.671s (total 26.131s)
picvec visibility witnesses: 371/407 draws, 0.021s
picvec visibility proof shortcuts: 342 visible, 0 prefix no-op
picvec stage final-svg: 0.253s (total 26.384s)
picvec stage interior-shading: 0.970s (total 17.107s)
picvec stage face-alpha: 0.003s (total 17.110s)
picvec stage hierarchical-topology: 0.001s (total 17.111s)
picvec adaptive evaluated 3393 4092 641 710: baseline=PerceptualScore { mean_delta_e: 3.1964686, p90_delta_e: 8.003596, missing_edge_fraction: 0.7984072, combined: 7.0350714 } refined=PerceptualScore { mean_delta_e: 1.2535073, p90_delta_e: 2.420066, missing_edge_fraction: 0.3031359, combined: 2.4415126 } boundary_matches=true bytes=377408
picvec layered merge candidates: considered 2387, evidence 1912, seam 136, layered 84, nonfinite 0, face 197, combined 111, accepted 31
picvec stage source-supported-paint-merge: 7.323s (total 23.680s)
picvec stage exact-paint-merge: 0.014s (total 23.693s)
picvec layered merge candidates: considered 1282, evidence 1036, seam 70, layered 37, nonfinite 0, face 82, combined 76, accepted 18
picvec stage source-supported-paint-merge: 3.059s (total 11.571s)
picvec stage exact-paint-merge: 0.009s (total 11.580s)
picvec stage layered-paint-simplification: 0.043s (total 11.622s)
picvec stage residual-shape-refinement: 0.079s (total 11.702s)
picvec stage layered-paint-simplification: 0.396s (total 24.089s)
picvec adaptive evaluated 3383 2592 689 709: baseline=PerceptualScore { mean_delta_e: 3.1350896, p90_delta_e: 8.804575, missing_edge_fraction: 0.68324965, combined: 6.9823694 } refined=PerceptualScore { mean_delta_e: 1.0682371, p90_delta_e: 1.7432821, missing_edge_fraction: 0.2788681, combined: 2.0146239 } boundary_matches=true bytes=348900
picvec stage residual-shape-refinement: 0.336s (total 24.426s)
picvec adaptive evaluated 87 2584 680 689: baseline=PerceptualScore { mean_delta_e: 2.8735836, p90_delta_e: 8.46096, missing_edge_fraction: 0.7876683, combined: 7.0405016 } refined=PerceptualScore { mean_delta_e: 1.0308087, p90_delta_e: 2.0499508, missing_edge_fraction: 0.3260964, combined: 2.2621334 } boundary_matches=true bytes=402865
picvec stage interior-shading: 1.329s (total 13.030s)
picvec stage face-alpha: 0.004s (total 13.034s)
picvec stage hierarchical-topology: 0.002s (total 13.036s)
picvec stage shared-geometry: 3.301s (total 20.412s)
picvec layered merge candidates: considered 1325, evidence 1039, seam 29, layered 51, nonfinite 0, face 112, combined 114, accepted 31
picvec stage source-supported-paint-merge: 4.764s (total 13.788s)
picvec stage paint-preview: 0.021s (total 20.433s)
picvec stage exact-paint-merge: 0.011s (total 13.798s)
picvec structural substage ownership: 0.073s
picvec stage layered-paint-simplification: 0.405s (total 14.204s)
picvec stage residual-shape-refinement: 0.034s (total 14.237s)
picvec stage interior-shading: 2.193s (total 26.618s)
picvec stage face-alpha: 0.004s (total 26.622s)
picvec stage hierarchical-topology: 0.002s (total 26.624s)
picvec structural substage outline-proposals: 0.541s
picvec structural substage outline-validation: 0.081s
picvec structural substage colour-patches: 0.108s
picvec stage structural-selection: 0.803s (total 21.236s)
picvec stage paint-order-validation: 0.385s (total 21.621s)
picvec hole trials: 3 calls, 0 cached rejections, serialization 0.007s, validation 0.086s
picvec stage covered-hole-simplification: 0.488s (total 22.109s)
picvec visibility witnesses: 487/497 draws, 0.031s
picvec stage shared-geometry: 2.356s (total 15.392s)
picvec stage paint-preview: 0.020s (total 15.412s)
picvec visibility proof shortcuts: 484 visible, 4 prefix no-op
picvec stage final-svg: 0.138s (total 22.247s)
picvec structural substage ownership: 0.100s
picvec stage interior-shading: 1.432s (total 15.669s)
picvec stage face-alpha: 0.011s (total 15.680s)
picvec stage hierarchical-topology: 0.002s (total 15.681s)
picvec structural substage outline-proposals: 0.062s
picvec structural substage outline-validation: 0.055s
picvec structural substage colour-patches: 0.051s
picvec stage structural-selection: 0.269s (total 15.681s)
picvec stage paint-order-validation: 0.107s (total 15.788s)
picvec hole trials: 1 calls, 0 cached rejections, serialization 0.002s, validation 0.027s
picvec stage covered-hole-simplification: 0.105s (total 15.893s)
picvec visibility witnesses: 543/544 draws, 0.011s
picvec visibility proof shortcuts: 543 visible, 0 prefix no-op
picvec stage final-svg: 0.017s (total 15.909s)
picvec adaptive evaluated 927 910 677 670: baseline=PerceptualScore { mean_delta_e: 2.969327, p90_delta_e: 7.6357965, missing_edge_fraction: 0.70541334, combined: 6.506756 } refined=PerceptualScore { mean_delta_e: 1.0468855, p90_delta_e: 1.9492985, missing_edge_fraction: 0.29542592, combined: 2.1370957 } boundary_matches=true bytes=294068
picvec stage shared-geometry: 3.623s (total 30.247s)
picvec stage paint-preview: 0.038s (total 30.285s)
picvec structural substage ownership: 0.168s
picvec structural substage outline-proposals: 0.022s
picvec structural substage outline-validation: 0.089s
picvec structural substage colour-patches: 0.153s
picvec stage structural-selection: 0.433s (total 30.718s)
picvec stage shared-geometry: 2.947s (total 18.628s)
picvec stage paint-preview: 0.025s (total 18.653s)
picvec stage paint-order-validation: 0.251s (total 30.969s)
picvec structural substage ownership: 0.087s
picvec structural substage outline-proposals: 0.079s
picvec structural substage outline-validation: 0.055s
picvec hole trials: 1 calls, 0 cached rejections, serialization 0.008s, validation 0.040s
picvec structural substage colour-patches: 0.075s
picvec stage structural-selection: 0.297s (total 18.950s)
picvec stage covered-hole-simplification: 0.217s (total 31.186s)
picvec visibility witnesses: 969/989 draws, 0.018s
picvec stage paint-order-validation: 0.111s (total 19.062s)
picvec visibility proof shortcuts: 968 visible, 1 prefix no-op
picvec stage final-svg: 0.139s (total 31.324s)
picvec hole trials: 7 calls, 1 cached rejections, serialization 0.020s, validation 0.051s
picvec stage covered-hole-simplification: 0.183s (total 19.245s)
picvec visibility witnesses: 496/506 draws, 0.014s
picvec visibility proof shortcuts: 491 visible, 0 prefix no-op
picvec stage final-svg: 0.095s (total 19.340s)
picvec adaptive evaluated 2529 3392 717 540: baseline=PerceptualScore { mean_delta_e: 2.672192, p90_delta_e: 7.2697225, missing_edge_fraction: 0.7616, combined: 6.3951755 } refined=PerceptualScore { mean_delta_e: 0.9076316, p90_delta_e: 1.579038, missing_edge_fraction: 0.35306665, combined: 2.0992494 } boundary_matches=true bytes=383548
picvec adaptive evaluated 1749 3325 632 679: baseline=PerceptualScore { mean_delta_e: 2.4738684, p90_delta_e: 6.3624306, missing_edge_fraction: 0.8231899, combined: 6.127783 } refined=PerceptualScore { mean_delta_e: 1.0162457, p90_delta_e: 1.879786, missing_edge_fraction: 0.39559287, combined: 2.3960035 } boundary_matches=true bytes=383436
picvec adaptive evaluated 73 3325 690 672: baseline=PerceptualScore { mean_delta_e: 3.194566, p90_delta_e: 9.2425585, missing_edge_fraction: 0.7402773, combined: 7.35541 } refined=PerceptualScore { mean_delta_e: 1.174019, p90_delta_e: 2.3847897, missing_edge_fraction: 0.37707135, combined: 2.6134386 } boundary_matches=true bytes=739559
picvec adaptive evaluated 975 2552 564 716: baseline=PerceptualScore { mean_delta_e: 2.7736065, p90_delta_e: 7.428452, missing_edge_fraction: 0.716143, combined: 6.367933 } refined=PerceptualScore { mean_delta_e: 1.0733908, p90_delta_e: 1.9464643, missing_edge_fraction: 0.37919825, combined: 2.3992062 } boundary_matches=true bytes=403403
{
  "input_width": 5016,
  "input_height": 5016,
  "processing_width": 1414,
  "processing_height": 1414,
  "output": "/tmp/picvec-head-exact/queue10/cliparts-6x6.svg",
  "elapsed_seconds": 285.048097947,
  "execution_threads": 10,
  "complexity": {
    "probe_width": 1024,
    "probe_height": 1024,
    "probe_region_count": 114186,
    "probe_region_density": 108896.26,
    "edge_density": 0.36541843,
    "normalized_region_density": 1.0,
    "normalized_edge_density": 1.0,
    "complexity": 1.0,
    "target_pixels": 2000000.0,
    "selected_dimension": 1414
  },
  "source_alpha": {
    "detected": false,
    "quantization_bits": 0,
    "mask_paths": 0,
    "removed_regions": 0
  },
  "chroma_key": {
    "enabled": true,
    "detected": true,
    "key_color": [
      1,
      255,
      0
    ],
    "border_coverage": 0.9237926,
    "removed_regions": 46
  },
  "adaptive_refinement": {
    "enabled": true,
    "source_scale": 3.5473833,
    "proposed_regions": 36,
    "candidate_regions": 36,
    "prefiltered_for_complexity": 0,
    "evaluated_regions": 36,
    "parallel_jobs": 10,
    "accepted_regions": 36,
    "rejected_for_quality": 0,
    "rejected_for_complexity": 0,
    "rejected_for_budget": 0,
    "baseline_mean_delta_e": 2.5045545,
    "refined_mean_delta_e": 0.9949002,
    "estimated_global_delta_e_reduction": 1.5096543,
    "added_svg_bytes": 16917135
  },
  "hierarchical_topology": {
    "nodes": 538721,
    "leaves": 386128,
    "unit_leaves": 239532,
    "represented_pixels": 1999396,
    "compression_ratio": 5.1780653
  },
  "edge_roles": {
    "skeleton_pixels": 123585,
    "edge_chain_count": 2860,
    "edge_chain_samples": 123376,
    "boundary_pixels": 9795,
    "ridge_role_pixels": 27139,
    "ridge_on_boundary_pixels": 83628,
    "unknown_pixels": 109,
    "visible_ridge_pixels": 6893,
    "visible_ridge_coverage_pixels": 16987,
    "dark_boundary_pixels": 161682,
    "shading_pixels": 2548,
    "face_barrier_pixels": 118775,
    "visible_ridge_graph_edges": 225,
    "visible_ridge_graph_edges_before_join": 240,
    "dark_boundary_graph_edges": 1481,
    "wide_dark_outline_graph_edges_before_join": 1644,
    "dark_boundary_candidates": 163,
    "dark_ridge_candidates": 1649,
    "dark_ridge_supported": 910,
    "profile_ridge_candidates": 1062,
    "profile_ridge_extensions": 974,
    "visible_ridge_graph_length": 4702.145,
    "visible_ridge_median_width": 2.0,
    "visible_ridge_width_weighted_length": 10553.274,
    "dark_boundary_graph_length": 43313.297,
    "dark_boundary_median_width": 2.0,
    "gradient_threshold": 1.0,
    "ridge_threshold": 0.65
  },
  "segmentation": {
    "graph_edges": 3995964,
    "coherent_domains": 2,
    "coherent_regions_removed": 5,
    "histogram_cells": 81633,
    "palette_colours": 2759,
    "initial_regions": 178489,
    "raw_regions": 18822,
    "corrected_regions": 12647,
    "regularized_regions": 6652,
    "merged_regions": 5847,
    "forced_small_region_merges": 1551716,
    "micro_region_merges": 6129,
    "micro_pixels_reassigned": 136243,
    "compatible_region_merges": 191802,
    "paint_aware_region_merge_proposals": 23,
    "paint_aware_region_merges": 23,
    "exact_paint_region_merges": 11,
    "source_supported_paint_merges": 30,
    "preserved_independent_materials": 5249,
    "antialias_pixels": 56500,
    "core_sampled_regions": 1365,
    "antialias_split_regions": 6181,
    "boundary_regularization_passes": 1,
    "boundary_regularization_moved_pixels": 4057,
    "boundary_regularization_source_edges": 98989,
    "thin_paint_examined": 4346,
    "thin_paint_protected": 417,
    "thin_paint_refined": 869,
    "thin_paint_preflight_rejected": 787,
    "thin_paint_reassigned_pixels": 6819,
    "thin_paint_removed_regions": 695,
    "adaptive_patch_candidate_faces": 161,
    "adaptive_patch_split_faces": 49,
    "adaptive_patch_added_regions": 94,
    "effective_minimum_area": 325,
    "local_minimum_area": 26,
    "local_median_area": 266,
    "local_maximum_area": 325
  },
  "structural": {
    "source_coverage_pixels": 189787,
    "source_line_pixels": 128442,
    "skeleton_pixels": 21621,
    "stroke_count": 1501,
    "underpainted_pixels": 23538,
    "antialias_unmixed_pixels": 6243,
    "silhouette_fill_count": 0,
    "residual_legacy_strokes": 576,
    "visible_ridge_strokes": 188,
    "boundary_profile_strokes": 490,
    "recovered_boundary_strokes": 5,
    "recovered_alpha_boundary_strokes": 0,
    "suppressed_ellipse_retraces": 14,
    "aligned_ellipse_strokes": 56
  },
  "ownership": {
    "structural_strokes": 1501,
    "paint_overlap": 0.3,
    "overlap_is_underpaint": false,
    "overlap_is_fill_geometry": true
  },
  "paint_order": {
    "line_regions": 44,
    "proposed_constraints": 438,
    "conflicting_constraints": 349,
    "changed_ranks": 1265,
    "accepted": true,
    "source_error_increase": -0.0005222801,
    "rejection": null
  },
  "gradients": {
    "solid_regions": 4038,
    "linear_regions": 1121,
    "radial_regions": 636,
    "layered_regions": 52,
    "overlay_layers": 109,
    "fitted_direction_linear_regions": 828,
    "fitted_focus_radial_regions": 522,
    "coupled_linear_regions": 17,
    "source_supported_paint_merges": 30,
    "source_supported_boundary_edges_removed": 871,
    "maximum_stops": 5,
    "primary_gate_active": false,
    "primary_solid_regions": 0,
    "provable_solid_regions": 3231,
    "gain_bound_solid_regions": 3198,
    "low_range_solid_regions": 33,
    "gradient_model_search_regions": 2593,
    "coherent_field_regions": 64,
    "full_fit_regions": 5824
  },
  "geometry": {
    "regions": 5847,
    "loops": 7157,
    "empty_regions": 0,
    "empty_region_pixels": 0,
    "largest_empty_region": 0,
    "source_boundary_edges": 562520,
    "shared_boundary_edges": 278432,
    "simplified_vertices": 60472,
    "cubic_segments": 51558,
    "line_segments": 2720,
    "rectangles": 0,
    "circles": 0,
    "ellipses": 0,
    "covered_holes_removed": 404,
    "shared_loop_fallbacks": 0,
    "shared_loop_missing_edges": 0,
    "shared_loop_discontinuities": 0,
    "shared_loop_invalid_areas": 0,
    "adaptive_optimal_polygons": 1572,
    "continuity_faired_masters": 11818,
    "fitted_ellipse_contours": 115,
    "fitted_bezier_contours": 115,
    "regularized_corner_excursions": 7,
    "regularized_corner_vertices": 173,
    "shared_curve_downgrades": 3
  },
  "optimization": {
    "input_regions": 5847,
    "primitive_regions": 0,
    "path_regions": 5847,
    "shared_gradient_regions": 2
  },
  "svg": {
    "objects": 29282,
    "path_subpaths": 30722,
    "path_elements": 27515,
    "rect_elements": 21,
    "circle_elements": 1,
    "ellipse_elements": 0,
    "line_elements": 1745,
    "linear_gradients": 8869,
    "radial_gradients": 6446,
    "structural_strokes": 2870,
    "structural_color_patches": 7,
    "gradient_stops": 57524,
    "linear_cubics_to_lines": 4708,
    "redundant_segments_removed": 14182,
    "arc_segments": 21282,
    "merged_arc_segments": 30,
    "paint_paths_merged": 111,
    "paint_batches": 72,
    "alpha_mask_paths": 0,
    "outline_bands": 70,
    "outline_color_patches": 359,
    "outline_paint_regions_removed": 74,
    "outline_structural_strokes_removed": 118,
    "invisible_elements_removed": 507,
    "invisible_strokes_removed": 0,
    "bytes": 22110137
  }
}
wrote /tmp/picvec-head-exact/queue10/cliparts-6x6.svg (1414x1414, 29282 objects, 30722 subpaths, 285.048s)
